age,1955,1956,1957,1958,1959,1960,1961,1962,1963,1964,1965,1966,1967,1968,1969,1970,1971,1972,1973,1974,1975,1976,1977,1978,1979,1980,1981,1982,1983,1984,1985,1986,1987,1988,1989,1990,1991,1992,1993,1994,1995,1996,1997,1998,1999,2000,2001,2002,2003,2004,2005,2006,2007,2008,2009,2010,2011,2012,2013,2014,2015,2016,2017,2018,2019,2020,2021,2022,2023
0,6973.79,6729.52,6488.79,6253.66,6026.41,5809.65,5618.97,5526.04,5575.34,5448.27,5415.61,5375.09,5359.61,5871.32,5562.47,5537.29,5431.46,5909.13,5370.39,5461.87,4565.85,4340.8,4261.5,4180.88,4096.7,4017.68,3931.96,3850.68,3772.21,3683.45,3597.41,3497.35,3385.12,3267.82,3145.69,3008.19,2872.51,2729.56,2589.75,2456.25,2324.45,2204.44,2101.83,1979.93,1893.9,1805.13,1727.81,1659.08,1601.79,1552.59,1512.31,1478.45,1448.33,1423.6,1402.0,1385.01,1368.89,1354.0,1342.79,1328.97,1317.77,1307.55,1297.07,1284.4,1272.0,1260.13,1246.13,1232.98,1219.66
1,1530.98,1439.67,1352.94,1282.48,1206.98,1140.92,1094.48,1109.56,1212.45,1193.52,1223.72,1235.63,1258.75,1656.13,1467.33,1476.47,1433.9,1801.83,1456.06,1562.08,973.59,870.2,870.6,876.49,887.08,880.12,865.45,847.27,831.01,806.48,783.67,752.54,721.32,685.38,646.68,600.03,558.75,512.95,471.26,432.83,402.11,380.36,364.06,330.52,312.16,293.08,274.76,258.87,244.62,232.08,223.63,216.99,210.18,205.04,200.13,195.84,192.35,189.66,188.03,184.74,182.13,180.59,179.49,176.71,173.76,172.53,169.44,166.63,164.57
2,1212.32,1140.54,1075.45,1018.27,960.88,905.51,866.84,869.14,932.38,908.42,923.72,924.57,935.08,1193.19,1059.35,1056.21,1020.47,1258.38,1019.91,1081.49,672.51,585.54,570.03,554.12,538.67,523.23,506.46,491.9,480.5,464.03,450.34,431.96,413.31,393.91,376.79,354.18,334.79,314.17,294.47,275.57,256.38,244.17,235.87,214.34,202.11,192.47,182.55,173.96,166.47,161.53,156.77,153.28,149.33,146.64,144.08,141.26,139.35,137.98,136.89,135.09,133.38,132.38,131.74,130.12,128.24,127.67,125.68,123.88,122.67
3,966.4,909.66,860.44,813.81,769.92,723.47,691.92,691.11,738.23,716.32,722.31,718.69,723.69,915.19,807.83,799.14,766.73,943.34,756.81,798.17,476.3,399.3,378.89,356.52,333.68,318.07,303.06,292.21,284.78,273.42,265.49,254.23,242.52,231.8,225.02,213.71,205.08,196.28,187.47,178.74,166.46,159.93,157.03,141.39,133.79,128.87,123.42,118.63,114.88,113.88,111.42,109.84,107.52,106.24,104.91,103.12,102.05,101.35,100.76,99.67,98.57,98.02,97.74,96.72,95.49,95.36,94.0,92.88,92.18
4,774.87,729.82,692.28,654.2,620.38,581.53,555.93,554.62,592.79,575.48,574.79,569.46,571.79,722.64,633.08,622.41,593.33,732.95,580.34,610.78,346.25,279.01,258.89,236.8,214.41,201.24,188.97,181.1,176.45,168.33,163.83,156.54,148.76,142.56,140.51,134.37,130.78,127.27,123.6,119.84,111.7,108.39,108.73,96.27,91.49,88.96,85.87,83.11,81.33,82.18,81.02,80.52,79.11,78.6,77.95,76.76,76.17,75.83,75.56,74.85,74.15,73.88,73.83,73.14,72.32,72.46,71.45,70.76,70.36
5,625.5,589.59,560.63,529.54,503.22,470.88,450.12,449.02,480.87,468.76,463.31,457.62,458.63,580.75,505.45,494.71,469.29,582.79,456.22,479.93,259.76,202.18,184.32,164.89,145.48,135.05,125.27,119.53,116.68,110.6,108.07,102.99,97.48,93.64,93.66,89.84,88.5,87.25,85.89,84.38,78.71,77.16,79.31,68.7,65.48,64.15,62.32,60.63,59.83,61.43,60.94,61.02,60.08,59.98,59.7,58.84,58.51,58.36,58.27,57.78,57.31,57.21,57.28,56.79,56.2,56.49,55.7,55.26,55.03
6,509.67,480.89,458.22,432.82,412.07,385.26,368.42,367.83,395.02,387.69,379.29,374.02,374.5,475.73,412.07,402.27,380.39,474.79,368.61,388.0,202.72,153.77,138.58,122.17,106.0,97.8,89.94,85.61,83.88,79.05,77.63,73.79,69.58,66.97,67.86,65.06,64.68,64.34,63.94,63.39,59.17,58.55,61.66,52.16,49.79,49.03,47.83,46.69,46.35,48.15,47.98,48.32,47.62,47.72,47.62,46.94,46.74,46.69,46.69,46.32,45.98,45.97,46.09,45.71,45.26,45.63,44.96,44.66,44.52
7,420.58,397.33,379.23,358.45,341.79,319.64,305.92,305.74,328.93,325.08,315.53,310.97,311.27,395.94,342.31,333.81,315.26,394.35,305.16,321.33,165.26,123.9,111.13,97.4,83.94,77.36,70.85,67.42,66.34,62.28,61.44,58.28,54.85,52.87,54.05,51.7,51.68,51.65,51.59,51.39,48.01,47.81,51.29,42.57,40.63,40.13,39.22,38.35,38.19,39.94,39.9,40.33,39.74,39.91,39.9,39.31,39.17,39.15,39.18,38.89,38.62,38.64,38.77,38.46,38.09,38.47,37.87,37.64,37.55
8,353.18,334.15,319.36,302.24,288.57,270.18,258.83,258.53,277.45,275.85,266.0,262.05,262.12,331.31,287.12,279.94,264.54,329.2,255.87,268.92,140.33,105.97,95.19,83.57,72.2,66.69,61.15,58.27,57.49,53.96,53.34,50.59,47.62,45.94,47.11,45.01,45.05,45.1,45.09,44.96,42.05,41.95,45.31,37.35,35.6,35.2,34.4,33.64,33.53,35.14,35.12,35.53,35.0,35.18,35.18,34.65,34.53,34.53,34.55,34.3,34.06,34.08,34.2,33.93,33.6,33.96,33.41,33.22,33.13
9,303.58,287.71,275.27,260.97,249.44,234.01,224.39,223.51,237.98,238.03,227.91,224.36,224.1,278.72,243.28,237.26,224.69,275.73,217.09,227.05,124.08,96.05,86.84,76.85,67.06,62.25,57.38,54.82,54.13,50.98,50.35,47.83,45.13,43.57,44.54,42.6,42.56,42.57,42.46,42.27,39.59,39.39,42.24,35.06,33.37,32.97,32.18,31.45,31.31,32.76,32.69,33.03,32.53,32.67,32.66,32.16,32.04,32.03,32.04,31.81,31.58,31.58,31.67,31.42,31.11,31.42,30.92,30.72,30.64
10,269.05,255.43,244.63,232.4,222.35,209.12,200.7,199.1,209.6,210.58,200.43,197.12,196.51,238.82,210.67,205.59,195.35,234.87,188.51,195.79,114.36,91.58,83.59,74.83,66.22,61.86,57.46,55.1,54.36,51.49,50.73,48.33,45.77,44.19,44.87,43.05,42.85,42.76,42.48,42.15,39.54,39.11,41.26,34.82,33.1,32.64,31.79,31.03,30.81,32.13,31.99,32.21,31.74,31.82,31.78,31.3,31.17,31.15,31.12,30.89,30.66,30.63,30.7,30.45,30.14,30.39,29.93,29.72,29.62
11,247.44,235.34,225.62,214.8,205.74,194.0,186.4,184.24,191.87,193.07,183.36,180.21,179.35,212.99,190.02,185.64,177.06,208.46,170.78,176.2,110.05,91.05,83.94,76.09,68.34,64.27,60.21,57.94,57.11,54.44,53.48,51.11,48.59,46.91,47.28,45.51,45.12,44.91,44.43,43.93,41.27,40.56,41.96,36.11,34.27,33.72,32.77,31.94,31.63,32.85,32.63,32.75,32.28,32.29,32.21,31.75,31.59,31.56,31.5,31.27,31.01,30.96,30.99,30.74,30.43,30.61,30.17,29.94,29.83
12,236.81,225.63,216.57,206.63,198.16,187.33,180.26,178.05,184.56,185.3,176.73,173.82,172.96,203.0,182.45,178.54,170.84,198.85,165.08,169.85,110.56,93.46,86.94,79.68,72.51,68.6,64.74,62.52,61.6,59.04,57.87,55.45,52.88,51.07,51.17,49.38,48.8,48.47,47.8,47.15,44.35,43.35,44.11,38.56,36.56,35.9,34.83,33.89,33.5,34.69,34.39,34.41,33.93,33.89,33.77,33.3,33.13,33.07,32.98,32.74,32.46,32.37,32.38,32.13,31.79,31.92,31.5,31.23,31.1
13,235.58,224.83,216.11,206.6,198.41,187.98,181.2,179.11,185.46,185.28,178.09,175.33,174.55,203.88,184.0,180.31,172.92,200.26,167.46,172.2,114.62,98.11,91.87,84.87,77.94,74.05,70.28,68.05,67.04,64.53,63.15,60.62,57.95,55.98,55.89,54.07,53.35,52.94,52.15,51.39,48.39,47.11,47.33,41.87,39.67,38.9,37.7,36.66,36.2,37.45,37.09,37.03,36.54,36.46,36.32,35.84,35.64,35.58,35.46,35.2,34.89,34.78,34.76,34.49,34.14,34.22,33.79,33.5,33.35
14,241.65,230.98,222.37,212.97,204.84,194.44,187.68,185.45,191.45,190.19,183.98,181.12,180.26,208.69,189.21,185.51,178.19,204.72,172.63,177.12,120.81,104.54,98.27,91.21,84.18,80.17,76.37,74.08,72.97,70.47,68.86,66.2,63.38,61.26,61.03,59.23,58.43,58.03,57.2,56.4,53.16,51.58,51.25,45.82,43.39,42.55,41.22,40.09,39.59,41.0,40.59,40.47,39.99,39.88,39.72,39.23,39.02,38.95,38.81,38.53,38.2,38.06,38.03,37.74,37.36,37.4,36.98,36.64,36.48
15,253.33,242.5,233.86,224.33,216.12,205.46,198.56,195.99,201.51,199.14,193.52,190.38,189.3,216.7,197.39,193.47,186.04,211.66,180.03,184.12,128.67,112.29,105.72,98.31,90.87,86.59,82.65,80.25,79.02,76.5,74.65,71.85,68.87,66.6,66.3,64.57,63.76,63.46,62.67,61.92,58.42,56.55,55.7,50.23,47.56,46.66,45.23,44.02,43.51,45.18,44.74,44.6,44.13,44.01,43.85,43.35,43.14,43.07,42.91,42.61,42.24,42.08,42.04,41.74,41.33,41.34,40.91,40.55,40.38
16,268.35,257.22,248.48,238.69,230.34,219.28,212.14,209.15,214.14,210.8,205.4,201.88,200.51,226.87,207.58,203.32,195.65,220.37,189.02,192.61,137.68,120.97,113.95,106.0,97.94,93.29,89.14,86.61,85.25,82.68,80.59,77.63,74.47,72.05,71.74,70.1,69.31,69.17,68.48,67.84,64.05,61.91,60.59,54.99,52.08,51.14,49.62,48.34,47.84,49.83,49.39,49.23,48.78,48.66,48.51,48.01,47.79,47.73,47.55,47.25,46.85,46.66,46.61,46.3,45.86,45.85,45.41,45.01,44.83
17,284.12,272.69,263.83,253.79,245.28,233.8,226.42,223.03,227.54,223.57,218.07,214.16,212.52,237.97,218.61,214.01,206.09,230.01,198.81,201.93,147.28,130.15,122.65,114.11,105.4,100.38,95.98,93.29,91.83,89.16,86.86,83.72,80.35,77.79,77.49,75.9,75.16,75.17,74.59,74.05,69.97,67.58,65.88,60.03,56.85,55.87,54.26,52.9,52.42,54.76,54.31,54.15,53.71,53.6,53.45,52.95,52.72,52.67,52.47,52.16,51.72,51.51,51.46,51.14,50.66,50.64,50.18,49.75,49.56
18,298.86,287.19,278.23,267.99,259.33,247.52,239.98,236.37,240.74,236.31,230.79,226.62,224.81,250.19,230.48,225.62,217.43,241.31,209.67,212.58,157.13,139.47,131.55,122.51,113.22,107.86,103.21,100.38,98.83,96.06,93.55,90.21,86.63,83.9,83.61,82.03,81.3,81.42,80.92,80.45,76.06,73.42,71.4,65.23,61.77,60.75,59.02,57.58,57.11,59.76,59.29,59.12,58.69,58.58,58.44,57.91,57.68,57.63,57.42,57.08,56.61,56.39,56.33,55.99,55.47,55.43,54.96,54.48,54.29
19,311.13,299.32,290.29,279.95,271.2,259.19,251.58,248.05,252.77,247.88,242.75,238.52,236.72,263.23,242.8,237.82,229.36,254.3,221.43,224.54,166.86,148.54,140.35,130.99,121.3,115.69,110.85,107.9,106.26,103.39,100.68,97.13,93.33,90.42,90.09,88.46,87.7,87.86,87.37,86.89,82.2,79.31,76.95,70.47,66.73,65.63,63.77,62.22,61.72,64.62,64.12,63.92,63.47,63.35,63.2,62.65,62.41,62.36,62.12,61.76,61.25,61.0,60.94,60.57,60.02,59.96,59.46,58.95,58.74
20,321.03,309.17,300.09,289.71,280.89,268.79,261.19,257.92,263.28,258.03,253.49,249.34,247.67,276.01,254.71,249.72,241.06,267.67,233.18,236.76,176.11,157.13,148.82,139.3,129.4,123.62,118.65,115.59,113.88,110.92,108.02,104.27,100.26,97.16,96.73,95.02,94.16,94.29,93.73,93.18,88.2,85.05,82.37,75.59,71.56,70.36,68.36,66.68,66.13,69.2,68.64,68.41,67.93,67.78,67.61,67.02,66.76,66.7,66.44,66.05,65.51,65.23,65.15,64.76,64.17,64.09,63.56,63.01,62.78
21,329.31,317.42,308.28,297.91,289.01,276.87,269.31,266.34,272.41,266.91,262.97,258.97,257.49,287.84,265.66,260.73,251.9,280.36,244.2,248.35,184.62,165.05,156.72,147.15,137.17,131.28,126.22,123.09,121.31,118.28,115.19,111.25,107.04,103.75,103.22,101.38,100.39,100.44,99.78,99.1,93.86,90.47,87.47,80.42,76.12,74.8,72.65,70.84,70.21,73.4,72.77,72.49,71.97,71.79,71.59,70.96,70.67,70.6,70.32,69.91,69.32,69.02,68.93,68.51,67.88,67.78,67.22,66.63,66.38
22,337.01,325.07,315.86,305.46,296.47,284.28,276.72,273.98,280.62,274.98,271.45,267.56,266.22,298.23,275.34,270.47,261.51,291.48,253.96,258.58,192.32,172.27,163.93,154.32,144.31,138.33,133.2,130.0,128.17,125.06,121.81,117.69,113.32,109.85,109.2,107.23,106.12,106.08,105.29,104.49,99.0,95.39,92.12,84.81,80.27,78.84,76.53,74.6,73.9,77.17,76.48,76.15,75.59,75.38,75.15,74.49,74.17,74.09,73.78,73.34,72.72,72.39,72.29,71.85,71.18,71.06,70.48,69.84,69.57
23,345.23,333.17,323.85,313.35,304.25,291.92,284.3,281.7,288.78,283.06,279.72,275.87,274.62,308.04,284.47,279.59,270.48,301.73,262.96,267.94,199.35,178.79,170.37,160.66,150.54,144.46,139.25,135.97,134.09,130.91,127.52,123.25,118.72,115.1,114.37,112.3,111.1,110.98,110.11,109.22,103.52,99.72,96.25,88.68,83.91,82.39,79.97,77.93,77.16,80.54,79.79,79.42,78.82,78.59,78.35,77.64,77.31,77.22,76.89,76.43,75.78,75.43,75.31,74.85,74.15,72.65,72.4,72.74,72.46
24,354.37,342.13,332.64,321.98,312.71,300.16,292.42,289.91,297.43,291.57,288.33,284.45,283.26,318.1,293.74,288.78,279.43,312.01,271.83,277.14,205.94,184.71,176.1,166.19,155.86,149.64,144.3,140.95,139.03,135.76,132.27,127.87,123.2,119.46,118.7,116.54,115.28,115.14,114.24,113.29,107.4,103.48,99.88,92.03,87.06,85.48,82.96,80.85,80.04,83.53,82.75,82.36,81.73,81.49,81.24,80.5,80.15,80.06,79.71,79.24,78.56,78.2,78.07,77.59,76.87,72.03,72.68,75.4,75.1
25,364.49,351.99,342.32,331.41,321.94,309.07,301.15,298.65,306.5,300.5,297.17,293.2,291.99,328.04,302.88,297.76,288.12,321.82,280.32,285.83,212.12,190.15,181.27,171.03,160.38,153.99,148.49,145.04,143.09,139.72,136.15,131.62,126.83,123.0,122.26,120.04,118.77,118.64,117.76,116.8,110.75,106.73,103.09,94.93,89.79,88.18,85.59,83.42,82.6,86.22,85.43,85.03,84.39,84.15,83.89,83.13,82.77,82.68,82.32,81.84,81.13,80.76,80.64,80.14,79.39,70.46,72.32,77.88,77.57
26,375.16,362.36,352.46,341.27,331.58,318.34,310.19,307.57,315.57,309.49,305.86,301.72,300.44,337.24,311.43,306.11,296.17,330.6,288.05,293.62,217.93,195.26,186.03,175.4,164.37,157.76,152.08,148.54,146.55,143.07,139.44,134.8,129.89,125.99,125.28,123.03,121.78,121.69,120.84,119.9,113.71,109.62,105.97,97.51,92.23,90.59,87.96,85.74,84.92,88.69,87.89,87.5,86.84,86.61,86.36,85.57,85.21,85.12,84.76,84.26,83.54,83.16,83.04,82.53,81.76,69.14,72.28,80.22,79.9
27,385.77,372.65,362.52,351.03,341.1,327.48,319.07,316.21,324.1,318.07,313.9,309.54,308.12,345.04,318.86,313.31,303.13,337.7,294.63,300.08,223.36,200.14,190.57,179.53,168.1,161.29,155.42,151.77,149.74,146.16,142.48,137.73,132.71,128.74,128.07,125.79,124.55,124.5,123.7,122.78,116.46,112.29,108.63,99.91,94.5,92.84,90.16,87.9,87.08,91.0,90.19,89.82,89.14,88.92,88.67,87.87,87.5,87.42,87.04,86.54,85.8,85.42,85.29,84.77,83.98,69.26,73.5,82.41,82.09
28,395.89,382.45,372.08,360.29,350.11,336.12,327.44,324.26,331.85,325.92,321.1,316.49,314.9,351.44,325.13,319.38,309.03,343.28,300.13,305.33,228.36,204.78,194.89,183.48,171.69,164.67,158.63,154.89,152.82,149.13,145.39,140.55,135.42,131.39,130.75,128.42,127.19,127.16,126.38,125.47,119.03,114.81,111.13,102.18,96.64,94.97,92.24,89.94,89.12,93.15,92.34,91.96,91.28,91.06,90.81,89.99,89.62,89.54,89.16,88.65,87.89,87.5,87.37,86.85,86.04,70.45,75.79,84.44,84.11
29,405.17,391.42,380.8,368.71,358.29,343.95,335.01,331.5,338.73,332.89,327.46,322.63,320.87,356.92,330.59,324.66,314.17,347.99,304.92,309.86,232.94,209.1,198.92,187.2,175.11,167.93,161.74,157.9,155.79,152.01,148.22,143.29,138.07,133.96,133.34,130.96,129.71,129.69,128.91,127.98,121.43,117.15,113.48,104.29,98.64,96.94,94.16,91.82,90.99,95.11,94.28,93.91,93.21,92.99,92.74,91.9,91.52,91.44,91.05,90.53,89.76,89.36,89.23,88.69,87.87,71.55,78.24,86.24,85.91
30,413.51,399.46,388.59,376.21,365.54,350.87,341.67,337.84,344.71,338.96,332.96,327.92,326.0,361.54,335.23,329.16,318.57,351.93,309.0,313.7,236.94,212.89,202.48,190.49,178.17,170.86,164.54,160.63,158.49,154.62,150.8,145.78,140.49,136.32,135.7,133.25,131.98,131.94,131.14,130.18,123.53,119.22,115.58,106.17,100.42,98.69,95.86,93.48,92.63,96.81,95.96,95.59,94.86,94.65,94.39,93.52,93.14,93.05,92.66,92.13,91.35,90.94,90.81,90.26,89.42,72.52,80.65,87.76,87.42
31,421.0,406.64,395.51,382.84,371.91,356.92,347.45,343.31,349.84,344.22,337.64,332.42,330.35,365.45,339.15,332.95,322.26,355.24,312.41,316.89,240.2,215.96,205.35,193.13,180.64,173.23,166.81,162.83,160.67,156.72,152.89,147.81,142.46,138.25,137.64,135.12,133.82,133.75,132.92,131.92,125.21,120.89,117.3,107.69,101.87,100.12,97.25,94.82,93.95,98.16,97.3,96.92,96.17,95.95,95.69,94.8,94.41,94.32,93.92,93.38,92.59,92.17,92.04,91.48,90.63,73.36,82.82,88.95,88.6
32,427.94,413.28,401.88,388.91,377.71,362.4,352.66,348.23,354.49,349.03,341.84,336.45,334.25,369.09,342.72,336.39,325.58,358.34,315.46,319.78,242.91,218.44,207.62,195.18,182.56,175.08,168.57,164.55,162.37,158.34,154.52,149.41,144.02,139.79,139.18,136.6,135.29,135.18,134.33,133.3,126.54,122.22,118.7,108.93,103.06,101.28,98.37,95.91,95.02,99.25,98.37,97.99,97.22,97.0,96.73,95.82,95.42,95.33,94.93,94.38,93.58,93.16,93.03,92.46,91.6,74.21,84.72,89.89,89.54
33,434.82,419.86,408.19,394.91,383.45,367.8,357.79,353.13,359.26,353.89,346.2,340.66,338.35,373.29,346.67,340.2,329.22,362.11,318.86,323.1,245.45,220.62,209.61,196.94,184.2,176.65,170.06,165.99,163.8,159.72,155.92,150.78,145.37,141.13,140.54,137.91,136.59,136.46,135.6,134.54,127.76,123.45,120.01,110.09,104.17,102.37,99.43,96.94,96.03,100.29,99.4,99.02,98.23,98.01,97.73,96.81,96.4,96.31,95.9,95.35,94.53,94.11,93.98,93.4,92.53,75.16,86.55,90.8,90.45
34,442.31,427.07,415.15,401.58,389.89,373.9,363.64,358.83,365.01,359.57,351.62,345.93,343.57,379.05,351.96,345.34,334.15,367.56,323.55,327.84,248.7,223.36,212.12,199.22,186.33,178.7,172.03,167.91,165.71,161.56,157.78,152.61,147.17,142.91,142.35,139.68,138.36,138.21,137.35,136.28,129.46,125.14,121.75,111.66,105.67,103.84,100.86,98.33,97.4,101.73,100.82,100.44,99.63,99.41,99.13,98.18,97.77,97.68,97.26,96.7,95.88,95.45,95.32,94.73,93.84,76.5,88.85,92.09,91.73
35,451.16,435.7,423.59,409.79,397.89,381.6,371.14,366.26,372.64,367.04,358.98,353.19,350.79,387.14,359.44,352.68,341.23,375.46,330.41,334.84,253.68,227.71,216.24,203.05,189.98,182.24,175.46,171.29,169.07,164.85,161.04,155.81,150.31,146.0,145.45,142.74,141.41,141.27,140.41,139.33,132.43,128.05,124.65,114.31,108.21,106.34,103.28,100.69,99.75,104.18,103.26,102.87,102.04,101.81,101.53,100.56,100.14,100.04,99.62,99.04,98.19,97.76,97.62,97.02,96.11,78.79,92.18,94.31,93.94
36,461.98,446.39,434.17,420.23,408.2,391.68,381.09,376.23,382.93,377.17,369.11,363.25,360.85,398.29,369.89,363.0,351.29,386.54,340.28,344.91,261.4,234.73,223.0,209.52,196.2,188.31,181.39,177.13,174.89,170.58,166.68,161.33,155.7,151.28,150.74,147.96,146.62,146.48,145.63,144.53,137.45,132.94,129.41,118.73,112.42,110.47,107.3,104.61,103.63,108.26,107.3,106.9,106.04,105.8,105.51,104.5,104.07,103.97,103.52,102.92,102.04,101.59,101.45,100.82,99.87,82.58,97.11,98.01,97.62
37,475.24,459.65,447.45,433.5,421.44,404.8,394.19,389.46,396.56,390.76,382.76,376.86,374.5,413.15,384.05,377.06,365.11,401.47,353.96,358.83,272.86,245.48,233.5,219.71,206.07,197.97,190.88,186.51,184.21,179.79,175.72,170.16,164.31,159.71,159.14,156.27,154.89,154.75,153.89,152.76,145.36,140.58,136.75,125.6,118.94,116.88,113.52,110.67,109.63,114.56,113.55,113.11,112.21,111.95,111.64,110.59,110.13,110.02,109.55,108.92,107.99,107.5,107.35,106.68,105.68,88.4,104.2,103.7,103.29
38,490.69,475.25,463.21,449.42,437.45,420.83,410.35,405.97,413.82,407.95,400.32,394.49,392.28,432.84,402.8,395.78,383.57,421.66,372.42,377.76,288.37,260.13,247.93,233.85,219.86,211.52,204.22,199.73,197.37,192.81,188.49,182.62,176.45,171.59,170.95,167.97,166.5,166.37,165.48,164.3,156.46,151.31,147.0,135.23,128.07,125.85,122.22,119.14,118.03,123.36,122.26,121.77,120.82,120.54,120.2,119.08,118.59,118.47,117.95,117.27,116.27,115.74,115.57,114.86,113.78,96.31,113.8,111.64,111.19
39,507.54,492.43,480.68,467.22,455.48,439.04,428.85,425.13,434.2,428.16,421.4,415.79,413.88,457.38,426.05,419.08,406.59,447.35,395.64,401.8,307.58,278.27,265.93,251.64,237.32,228.73,221.23,216.6,214.17,209.48,204.82,198.57,192.01,186.8,186.07,182.94,181.36,181.23,180.29,179.03,170.62,164.92,159.96,147.42,139.64,137.19,133.22,129.85,128.64,134.47,133.27,132.7,131.68,131.37,130.99,129.79,129.25,129.12,128.55,127.81,126.71,126.12,125.93,125.16,123.99,106.01,125.75,121.64,121.15
40,524.22,509.56,498.22,485.24,473.83,457.72,447.96,445.11,455.72,449.49,443.92,438.65,437.16,484.23,451.43,444.6,431.85,475.85,421.3,428.5,328.73,298.3,285.93,271.54,256.98,248.18,240.51,235.77,233.3,228.49,223.45,216.78,209.78,204.19,203.35,200.06,198.35,198.2,197.22,195.86,186.82,180.53,174.82,161.4,152.9,150.19,145.82,142.12,140.78,147.19,145.86,145.21,144.11,143.75,143.33,142.04,141.45,141.3,140.67,139.85,138.65,138.0,137.77,136.93,135.65,116.98,139.33,133.06,132.52
41,538.73,524.59,513.72,501.29,490.27,474.57,465.31,463.45,475.75,469.37,465.12,460.27,459.26,510.13,475.85,469.22,456.26,503.69,446.24,454.61,349.1,317.62,305.33,290.98,276.33,267.4,259.64,254.83,252.36,247.47,242.07,235.01,227.6,221.64,220.69,217.24,215.41,215.25,214.21,212.77,203.12,196.27,189.79,175.51,166.28,163.32,158.54,154.5,153.03,160.02,158.56,157.81,156.64,156.23,155.77,154.38,153.73,153.57,152.87,151.99,150.68,149.95,149.7,148.79,147.39,127.99,153.07,144.56,143.97
42,549.92,536.31,525.89,514.0,503.39,488.12,479.36,478.48,492.42,485.97,482.97,478.55,478.02,532.52,496.89,490.48,477.35,528.05,467.9,477.43,366.52,334.11,321.99,307.78,293.2,284.25,276.47,271.65,269.21,264.29,258.6,251.22,243.49,237.24,236.2,232.63,230.69,230.53,229.44,227.92,217.78,210.36,203.21,188.15,178.29,175.09,169.94,165.58,164.0,171.51,169.93,169.11,167.86,167.41,166.9,165.44,164.74,164.55,163.79,162.85,161.44,160.65,160.37,159.39,157.9,137.87,165.59,154.84,154.2
43,557.43,544.29,534.27,522.84,512.58,497.7,489.37,489.43,505.03,498.47,496.68,492.7,492.64,550.82,513.79,507.58,494.27,548.3,485.4,496.08,379.65,346.29,334.35,320.32,305.91,297.02,289.29,284.51,282.13,277.21,271.36,263.77,255.83,249.39,248.32,244.65,242.66,242.49,241.38,239.81,229.33,221.6,213.96,198.29,187.95,184.55,179.1,174.49,172.81,180.75,179.07,178.18,176.88,176.39,175.85,174.31,173.57,173.37,172.57,171.57,170.08,169.24,168.94,167.91,166.33,145.82,176.05,163.09,162.42
44,562.7,549.94,540.23,529.17,519.18,504.61,496.64,497.64,514.98,508.2,507.65,504.1,504.51,566.64,528.05,522.02,508.44,566.06,500.12,512.01,389.47,354.99,343.19,329.3,315.11,306.32,298.66,293.93,291.62,286.73,280.81,273.12,265.08,258.54,257.45,253.73,251.72,251.55,250.43,248.84,238.17,230.11,222.13,206.03,195.34,191.79,186.11,181.3,179.56,187.82,186.08,185.13,183.79,183.27,182.7,181.12,180.35,180.13,179.29,178.25,176.7,175.83,175.51,174.43,172.79,151.86,184.63,169.42,168.71
45,568.18,555.73,546.29,535.51,525.76,511.42,503.75,505.6,524.61,517.53,518.18,514.99,515.84,581.79,541.63,535.73,521.86,582.94,513.99,527.03,398.4,362.72,350.99,337.18,323.16,314.45,306.85,302.17,299.93,295.06,289.1,281.35,273.24,266.64,265.55,261.81,259.79,259.63,258.52,256.92,246.11,237.87,229.62,213.15,202.17,198.49,192.6,187.61,185.8,194.37,192.56,191.57,190.18,189.64,189.05,187.42,186.62,186.39,185.52,184.44,182.84,181.93,181.6,180.48,178.78,157.41,192.81,175.28,174.54
46,576.6,564.44,555.24,544.74,535.2,521.06,513.64,516.23,536.67,529.31,530.98,528.1,529.31,598.51,557.0,551.19,537.04,601.05,529.51,543.51,409.5,372.7,360.97,347.15,333.21,324.53,316.95,312.28,310.08,305.21,299.19,291.34,283.15,276.46,275.36,271.58,269.55,269.4,268.29,266.67,255.68,247.28,238.71,221.8,210.47,206.64,200.5,195.3,193.42,202.35,200.46,199.42,197.99,197.42,196.8,195.12,194.28,194.04,193.13,192.0,190.34,189.39,189.04,187.88,186.11,164.18,202.4,182.45,181.68
47,590.78,578.95,570.04,559.87,550.56,536.63,529.49,532.67,554.15,546.62,549.08,546.41,547.89,619.35,576.92,571.17,556.83,622.83,549.52,564.17,426.24,388.55,376.77,362.87,348.9,340.16,332.54,327.85,325.66,320.77,314.57,306.52,298.13,291.25,290.12,286.26,284.18,284.05,282.92,281.27,269.93,261.07,251.96,234.41,222.56,218.52,212.01,206.51,204.53,213.98,211.98,210.87,209.37,208.75,208.1,206.33,205.45,205.19,204.23,203.04,201.28,200.26,199.89,198.67,196.8,174.11,215.4,192.93,192.11
48,612.0,600.57,592.02,582.28,573.28,559.6,552.78,556.37,578.4,570.84,573.83,571.28,572.92,645.35,602.59,596.9,582.5,649.29,575.28,590.25,450.37,412.16,400.31,386.29,372.2,363.31,355.59,350.84,348.66,343.69,337.19,328.8,320.06,312.86,311.65,307.66,305.49,305.37,304.22,302.5,290.59,281.23,271.28,252.82,240.15,235.8,228.79,222.85,220.71,230.92,228.76,227.53,225.93,225.26,224.55,222.67,221.72,221.44,220.39,219.11,217.21,216.11,215.7,214.39,212.38,188.25,233.7,208.19,207.31
49,640.46,629.51,621.42,612.21,603.59,590.25,583.82,587.69,609.87,602.41,605.77,603.28,605.01,677.35,634.78,629.15,614.82,681.4,607.64,622.65,482.52,444.14,432.24,418.11,403.83,394.75,386.89,382.05,379.86,374.81,367.86,358.98,349.74,342.07,340.73,336.56,334.25,334.16,332.95,331.13,318.42,308.1,297.0,277.3,263.55,258.79,251.1,244.59,242.25,253.44,251.07,249.68,247.96,247.21,246.43,244.39,243.35,243.04,241.89,240.48,238.41,237.19,236.73,235.3,233.1,206.65,257.55,228.5,227.54
50,674.8,664.37,656.79,648.2,640.01,627.04,621.06,625.16,647.28,639.97,643.65,641.18,642.98,714.61,672.55,667.0,652.83,718.64,645.68,660.59,521.21,482.89,470.98,456.78,442.31,432.99,425.0,420.06,417.88,412.73,405.21,395.71,385.86,377.62,376.11,371.72,369.23,369.15,367.88,365.93,352.22,340.87,328.35,307.16,292.06,286.81,278.29,271.1,268.5,280.89,278.25,276.68,274.81,273.96,273.09,270.87,269.72,269.37,268.09,266.54,264.24,262.88,262.36,260.79,258.36,229.08,285.78,253.26,252.19
51,712.19,702.23,695.14,687.11,679.32,666.7,661.14,665.44,687.44,680.24,684.24,681.78,683.62,754.45,712.93,707.47,693.47,758.41,686.34,701.14,562.6,524.37,512.46,498.21,483.56,474.01,465.88,460.86,458.68,453.44,445.31,435.16,424.64,415.78,414.08,409.46,406.77,406.71,405.37,403.27,388.49,376.17,362.11,339.32,322.78,316.99,307.6,299.66,296.79,310.46,307.54,305.76,303.74,302.79,301.82,299.4,298.13,297.75,296.33,294.62,292.09,290.58,289.99,288.26,285.59,253.32,315.28,279.96,278.78
52,750.13,740.5,733.76,726.15,718.64,706.21,700.97,705.42,727.41,720.17,724.52,722.04,723.92,794.34,753.12,747.71,733.79,798.25,726.64,741.4,602.88,564.5,552.54,538.18,523.33,513.56,505.29,500.18,498.0,492.67,483.96,473.16,461.99,452.53,450.66,445.81,442.94,442.89,441.47,439.24,423.43,409.91,394.39,370.05,352.13,345.83,335.61,326.98,323.86,338.72,335.54,333.57,331.4,330.35,329.3,326.69,325.3,324.89,323.33,321.48,318.73,317.07,316.43,314.55,311.65,276.57,342.36,305.51,304.22
53,786.51,776.98,770.37,762.91,755.47,742.99,737.86,742.39,764.51,756.98,761.69,759.13,761.02,831.66,790.32,784.86,770.85,835.45,763.58,778.4,638.47,599.51,587.34,572.71,557.59,547.57,539.14,533.91,531.71,526.27,517.06,505.7,493.96,483.98,481.96,476.9,473.87,473.82,472.35,469.99,453.29,439.03,422.26,396.56,377.45,370.71,359.79,350.57,347.23,363.12,359.71,357.59,355.28,354.15,353.02,350.25,348.77,348.33,346.65,344.68,341.74,339.96,339.27,337.26,334.16,296.59,365.02,327.6,326.22
54,821.2,811.51,804.8,797.2,789.61,776.82,771.55,776.06,798.4,790.31,795.35,792.63,794.48,865.89,824.01,818.4,804.1,869.39,796.54,811.5,668.78,628.77,616.19,601.07,585.54,575.23,566.58,561.21,558.95,553.36,543.73,531.91,519.67,509.26,507.12,501.88,498.71,498.66,497.14,494.69,477.23,462.08,444.36,417.51,397.47,390.38,378.91,369.23,365.72,382.41,378.83,376.59,374.18,372.98,371.79,368.89,367.34,366.88,365.12,363.04,359.96,358.09,357.36,355.25,352.0,311.98,382.85,345.1,343.65
55,856.05,846.01,839.05,831.1,823.19,809.88,804.3,808.71,831.38,822.48,827.88,824.93,826.71,899.35,856.58,850.74,836.0,902.42,828.02,843.17,696.46,654.99,641.83,626.02,609.96,599.27,590.33,584.77,582.41,576.65,566.64,554.39,541.7,530.89,528.66,523.25,519.95,519.9,518.33,515.8,497.67,481.83,463.29,435.43,414.58,407.18,395.25,385.18,381.53,398.89,395.17,392.82,390.33,389.08,387.84,384.83,383.22,382.73,380.9,378.74,375.53,373.58,372.82,370.63,367.25,324.66,398.0,360.06,358.55
56,893.86,883.41,876.14,867.78,859.49,845.57,839.62,843.91,866.98,857.12,862.96,859.75,861.46,935.6,891.77,885.64,870.38,938.2,861.91,877.3,725.84,682.62,668.78,652.14,635.42,624.29,615.0,609.21,606.72,600.74,590.33,577.64,564.46,553.23,550.89,545.3,541.88,541.82,540.2,537.58,518.74,502.38,482.98,454.04,432.35,424.63,412.21,401.72,397.92,415.99,412.13,409.68,407.09,405.79,404.49,401.37,399.69,399.18,397.27,395.02,391.68,389.65,388.85,386.58,383.06,337.6,413.63,375.57,373.99
57,938.33,927.57,920.08,911.41,902.83,888.37,882.12,886.35,909.88,899.0,905.44,901.98,903.64,979.3,934.43,928.03,912.26,981.46,903.33,918.98,762.64,717.61,703.05,685.55,668.09,656.45,646.76,640.71,638.06,631.85,620.93,607.67,593.89,582.14,579.65,573.85,570.26,570.21,568.52,565.79,546.05,528.65,508.1,477.85,455.08,446.94,433.88,422.84,418.85,437.85,433.79,431.2,428.49,427.11,425.75,422.49,420.72,420.17,418.17,415.8,412.29,410.16,409.31,406.91,403.22,354.43,433.56,395.33,393.67
58,992.06,981.22,973.71,964.98,956.29,941.49,935.14,939.56,963.81,951.83,959.3,955.72,957.44,1035.02,989.07,982.47,966.23,1037.14,956.98,973.08,811.2,764.25,749.03,730.71,712.46,700.26,690.14,683.81,681.0,674.55,662.94,648.95,634.41,621.96,619.26,613.2,609.39,609.35,607.59,604.71,583.78,565.3,543.13,511.13,486.86,478.15,464.19,452.37,448.12,468.43,464.09,461.29,458.41,456.93,455.46,452.01,450.12,449.52,447.38,444.84,441.1,438.8,437.89,435.33,431.38,378.56,461.44,422.94,421.16
59,1056.36,1045.73,1038.5,1030.05,1021.51,1006.65,1000.5,1005.45,1030.81,1017.66,1026.74,1023.19,1025.14,1105.17,1058.08,1051.42,1034.78,1107.81,1025.45,1042.25,874.12,825.15,809.39,790.37,771.36,758.55,748.01,741.39,738.44,731.75,719.27,704.36,688.85,675.52,672.55,666.18,662.09,662.07,660.2,657.15,634.69,614.48,590.12,555.9,529.65,520.18,505.0,492.16,487.54,509.62,504.89,501.81,498.72,497.09,495.49,491.78,489.72,489.06,486.72,483.97,479.91,477.4,476.39,473.62,469.34,411.72,498.97,460.15,458.2
60,1130.88,1120.82,1114.19,1106.39,1098.31,1083.71,1078.07,1083.81,1110.43,1096.19,1107.28,1103.9,1106.19,1188.55,1140.63,1134.03,1117.16,1192.13,1107.98,1125.58,951.59,900.78,884.65,865.1,845.41,832.0,821.08,814.19,811.14,804.23,790.7,774.7,758.06,743.68,740.38,733.65,729.22,729.24,727.26,723.98,699.69,677.45,650.36,613.41,584.69,574.27,557.56,543.42,538.34,562.64,557.43,554.0,550.63,548.81,547.04,543.0,540.74,540.0,537.42,534.39,529.93,527.15,526.02,522.97,518.27,455.32,547.22,508.14,505.99
61,1213.32,1204.14,1198.38,1191.56,1184.2,1170.18,1165.3,1171.97,1199.8,1184.62,1197.89,1194.8,1197.49,1281.56,1233.32,1226.9,1210.01,1286.28,1201.19,1219.52,1040.84,988.53,972.2,952.33,932.1,918.16,906.93,899.82,896.71,889.62,874.95,857.76,839.89,824.35,820.69,813.56,808.78,808.85,806.75,803.23,776.89,752.63,722.4,682.36,650.78,639.25,620.76,605.12,599.49,626.4,620.62,616.77,613.09,611.06,609.1,604.66,602.16,601.34,598.47,595.13,590.18,587.1,585.83,582.47,577.27,508.63,605.21,566.03,563.64
62,1301.15,1293.11,1288.43,1282.83,1276.39,1263.2,1259.27,1266.89,1295.67,1279.74,1295.17,1292.41,1295.51,1380.2,1332.32,1326.18,1309.5,1386.04,1301.17,1320.05,1138.48,1085.11,1068.74,1048.74,1028.17,1013.78,1002.34,995.07,991.95,984.75,968.91,950.5,931.39,914.67,910.63,903.13,897.98,898.12,895.92,892.15,863.68,837.01,803.45,760.17,725.5,712.8,692.41,675.16,668.94,698.66,692.27,687.96,683.95,681.69,679.52,674.66,671.9,671.0,667.81,664.14,658.67,655.24,653.83,650.13,644.39,569.91,670.95,631.96,629.33
63,1391.88,1385.14,1381.67,1377.42,1372.02,1359.82,1356.94,1365.56,1395.23,1378.63,1396.28,1393.91,1397.43,1482.23,1435.09,1429.32,1412.98,1489.29,1405.27,1424.63,1240.92,1186.66,1170.37,1150.35,1129.61,1114.89,1103.33,1095.97,1092.88,1085.63,1068.68,1049.12,1028.84,1010.98,1006.59,998.73,993.25,993.47,991.19,987.19,956.63,927.89,890.98,844.48,806.67,792.78,770.46,751.58,744.75,777.35,770.34,765.58,761.24,758.74,756.36,751.06,748.03,747.07,743.56,739.54,733.53,729.76,728.22,724.17,717.87,637.41,742.1,704.21,701.34
64,1484.08,1478.74,1476.55,1473.71,1469.42,1458.32,1456.54,1466.23,1496.85,1479.52,1499.51,1497.61,1501.58,1586.31,1540.12,1534.75,1518.83,1594.72,1511.86,1531.7,1345.9,1290.71,1274.53,1254.56,1233.8,1218.85,1207.27,1199.87,1196.83,1189.58,1171.62,1151.03,1129.69,1110.78,1106.08,1097.92,1092.14,1092.47,1090.13,1085.93,1053.4,1022.51,982.42,932.87,892.01,877.0,852.83,832.4,824.96,860.36,852.75,847.55,842.9,840.18,837.59,831.85,828.57,827.56,823.75,819.39,812.85,808.74,807.08,802.7,795.84,709.07,816.48,781.0,777.9
65,1577.93,1574.1,1573.26,1571.89,1568.78,1558.88,1558.23,1568.91,1600.19,1582.17,1604.43,1602.99,1607.37,1691.01,1646.33,1641.41,1626.04,1700.59,1619.85,1639.95,1453.36,1397.42,1381.39,1361.5,1340.84,1325.73,1314.18,1306.79,1303.83,1296.63,1277.77,1256.25,1233.97,1214.1,1209.11,1200.7,1194.67,1195.11,1192.75,1188.38,1154.0,1121.1,1077.97,1025.54,981.71,965.69,939.77,917.84,909.82,947.93,939.75,934.13,929.18,926.25,923.46,917.29,913.77,912.72,908.62,903.94,896.87,892.44,890.67,885.97,878.56,785.02,894.6,862.57,859.25
66,1674.19,1672.04,1672.69,1672.89,1671.08,1662.55,1663.07,1674.54,1705.9,1687.31,1711.59,1710.56,1715.23,1795.96,1753.74,1749.31,1734.74,1806.25,1729.29,1749.22,1564.55,1508.37,1492.55,1472.79,1452.35,1437.14,1425.68,1418.33,1415.48,1408.38,1388.69,1366.33,1343.19,1322.44,1317.19,1308.57,1302.32,1302.9,1300.53,1296.02,1259.86,1225.31,1179.17,1123.97,1077.2,1060.29,1032.64,1009.26,1000.65,1041.45,1032.71,1026.68,1021.45,1018.32,1015.34,1008.73,1004.97,1003.9,999.51,994.51,986.91,982.16,980.3,975.28,967.32,866.48,977.99,950.18,946.66
67,1774.28,1774.09,1776.45,1778.48,1778.2,1771.32,1773.14,1785.14,1815.64,1796.8,1822.69,1822.02,1826.84,1901.93,1863.6,1859.73,1846.36,1912.33,1841.63,1860.76,1682.37,1626.88,1611.41,1591.95,1571.86,1556.64,1545.34,1538.08,1535.39,1528.45,1507.95,1484.8,1460.88,1439.27,1433.76,1424.98,1418.52,1419.27,1416.92,1412.28,1374.36,1337.88,1288.66,1230.67,1180.89,1163.19,1133.8,1108.92,1099.72,1143.28,1133.97,1127.51,1122.0,1118.66,1115.49,1108.43,1104.44,1103.35,1098.66,1093.34,1085.18,1080.1,1078.15,1072.82,1064.28,955.55,1069.06,1045.96,1042.24
68,1878.85,1881.03,1885.44,1889.67,1891.26,1886.45,1889.93,1902.96,1933.25,1914.3,1942.37,1942.39,1947.59,2017.67,1983.36,1980.27,1968.28,2029.14,1964.76,1983.47,1810.4,1755.44,1740.58,1721.7,1702.18,1687.09,1676.05,1668.96,1666.5,1659.79,1638.54,1614.65,1589.97,1567.53,1561.78,1552.87,1546.22,1547.18,1544.85,1540.11,1500.4,1462.1,1409.63,1348.69,1295.74,1277.29,1246.05,1219.58,1209.75,1256.26,1246.35,1239.44,1233.63,1230.06,1226.68,1219.16,1214.91,1213.8,1208.79,1203.12,1194.38,1188.94,1186.9,1181.21,1172.07,1054.55,1168.57,1152.49,1148.55
69,1986.39,1991.49,1998.38,2005.29,2009.17,2007.02,2012.57,2027.15,2057.69,2038.94,2069.68,2070.74,2076.59,2141.59,2111.86,2109.83,2099.56,2155.1,2097.82,2116.38,1948.89,1894.62,1880.76,1862.9,1844.3,1829.54,1818.91,1812.12,1810.01,1803.64,1781.71,1757.16,1731.82,1708.61,1702.65,1693.65,1686.86,1688.06,1685.77,1680.98,1639.51,1599.21,1543.36,1479.35,1423.07,1403.87,1370.65,1342.49,1332.0,1381.65,1371.11,1363.72,1357.59,1353.78,1350.18,1342.16,1337.64,1336.5,1331.15,1325.12,1315.76,1309.94,1307.79,1301.73,1291.93,1164.51,1276.68,1271.0,1266.82
70,2093.36,2101.99,2111.86,2121.99,2128.68,2129.86,2137.82,2153.35,2182.1,2164.42,2196.79,2198.81,2204.99,2258.97,2236.9,2236.13,2228.47,2273.25,2228.59,2245.54,2094.13,2043.07,2030.7,2014.44,1997.23,1983.1,1973.16,1966.84,1965.16,1959.32,1936.85,1911.81,1886.0,1862.15,1856.01,1847.04,1840.16,1841.65,1839.46,1834.65,1791.59,1749.22,1689.9,1622.91,1563.21,1543.14,1507.9,1477.98,1466.8,1519.73,1508.54,1500.64,1494.19,1490.13,1486.3,1477.77,1472.96,1471.81,1466.1,1459.68,1449.67,1443.45,1441.18,1434.74,1424.26,1286.11,1395.11,1401.9,1397.47
71,2194.33,2207.13,2220.46,2234.36,2244.37,2249.61,2260.16,2275.15,2298.13,2282.78,2314.54,2317.05,2322.78,2355.61,2345.99,2346.57,2342.78,2367.72,2344.38,2357.02,2239.91,2196.46,2186.15,2172.16,2156.96,2143.83,2134.97,2129.34,2128.19,2123.1,2100.33,2075.14,2049.19,2024.98,2018.71,2009.94,2003.06,2004.9,2002.89,1998.13,1953.85,1909.94,1847.24,1777.72,1714.68,1693.56,1656.34,1624.72,1612.85,1669.06,1657.21,1648.8,1642.04,1637.75,1633.7,1624.65,1619.57,1618.41,1612.34,1605.55,1594.88,1588.25,1585.87,1579.05,1567.88,1418.5,1524.01,1544.09,1539.41
72,2284.23,2301.78,2319.03,2337.18,2350.97,2360.99,2374.19,2386.48,2398.33,2386.84,2414.83,2417.11,2421.29,2420.27,2428.79,2430.69,2432.22,2426.11,2434.54,2439.33,2379.95,2349.95,2342.3,2331.31,2318.83,2307.16,2299.85,2295.18,2294.62,2290.6,2267.86,2242.98,2217.41,2193.23,2186.92,2178.6,2171.86,2174.07,2172.39,2167.76,2122.86,2077.67,2011.98,1940.8,1874.71,1852.3,1813.32,1780.19,1767.68,1826.96,1814.48,1805.58,1798.59,1794.07,1789.84,1780.31,1774.98,1773.85,1767.42,1760.31,1749.01,1741.99,1739.5,1732.34,1720.53,1559.77,1662.43,1695.39,1690.49
73,2359.26,2382.04,2403.57,2426.34,2444.31,2459.71,2475.48,2482.41,2476.93,2470.4,2491.27,2492.35,2493.69,2444.59,2477.31,2480.4,2488.76,2439.67,2490.94,2483.45,2508.6,2498.96,2494.59,2487.32,2478.35,2468.62,2463.43,2460.01,2460.07,2457.46,2435.19,2411.23,2386.69,2363.04,2356.75,2349.25,2342.8,2345.44,2344.22,2339.84,2295.14,2249.42,2181.13,2109.74,2041.13,2017.35,1976.98,1942.67,1929.59,1991.54,1978.51,1969.14,1962.02,1957.32,1952.95,1943.01,1937.47,1936.42,1929.67,1922.32,1910.45,1903.06,1900.49,1893.07,1880.68,1707.02,1807.37,1854.35,1849.27
74,2418.0,2446.35,2472.42,2500.06,2522.5,2543.79,2562.13,2562.29,2536.17,2535.02,2547.14,2546.57,2544.43,2439.83,2499.82,2504.07,2520.11,2422.26,2521.87,2499.59,2624.91,2640.23,2639.72,2636.89,2632.24,2624.97,2622.44,2620.58,2621.32,2620.49,2599.2,2576.86,2554.08,2531.57,2525.41,2519.11,2513.14,2516.27,2515.68,2511.72,2468.18,2422.69,2352.44,2282.52,2212.19,2187.23,2145.96,2110.89,2097.39,2161.4,2147.94,2138.17,2131.05,2126.21,2121.75,2111.52,2105.85,2104.91,2097.89,2090.39,2078.06,2070.36,2067.73,2060.14,2047.29,1858.74,1957.27,2020.01,2014.82
75,2461.66,2495.83,2526.61,2559.28,2586.42,2614.01,2635.14,2628.93,2582.77,2587.29,2590.91,2589.0,2583.59,2425.19,2511.73,2517.3,2541.04,2396.13,2542.79,2506.23,2731.86,2773.12,2777.04,2779.33,2779.81,2775.59,2776.16,2776.18,2777.8,2779.06,2759.4,2739.38,2719.11,2698.4,2692.57,2687.81,2682.57,2686.25,2686.43,2683.07,2641.72,2597.17,2526.1,2459.01,2387.98,2362.61,2321.01,2285.64,2271.86,2337.22,2323.51,2313.45,2306.44,2301.53,2297.05,2286.64,2280.91,2280.13,2272.91,2265.37,2252.69,2244.77,2242.12,2234.46,2221.27,2017.77,2115.61,2193.33,2188.09
76,2491.51,2531.67,2567.23,2605.05,2637.05,2671.25,2695.56,2684.79,2622.14,2632.52,2629.31,2626.96,2619.16,2415.19,2524.99,2532.18,2563.08,2378.05,2565.77,2517.7,2832.11,2897.4,2906.3,2914.39,2920.79,2920.26,2924.3,2926.51,2929.35,2932.93,2915.67,2898.71,2881.69,2863.49,2858.31,2855.34,2851.13,2855.43,2856.53,2854.0,2815.92,2773.72,2703.33,2640.15,2569.65,2545.4,2504.07,2468.88,2455.04,2520.93,2507.19,2497.01,2490.21,2485.3,2480.86,2470.4,2464.69,2464.09,2456.78,2449.28,2436.41,2428.37,2425.75,2418.11,2404.74,2188.22,2286.82,2376.48,2371.27
77,2508.42,2554.68,2595.06,2638.06,2675.04,2716.12,2744.09,2731.52,2657.94,2674.34,2666.92,2665.45,2656.61,2419.44,2547.67,2556.93,2594.12,2379.17,2599.15,2543.85,2927.59,3012.94,3027.37,3041.93,3055.05,3058.88,3066.64,3071.39,3075.85,3081.99,3067.96,3054.83,3041.86,3026.91,3022.79,3021.83,3019.02,3023.99,3026.15,3024.72,2991.08,2952.25,2884.44,2826.12,2757.62,2736.38,2696.05,2661.58,2647.93,2713.35,2699.87,2689.79,2683.28,2678.49,2674.16,2663.81,2658.2,2657.81,2650.53,2643.17,2630.31,2622.27,2619.76,2612.22,2598.86,2373.3,2474.13,2570.68,2565.58
78,2511.54,2563.92,2609.06,2657.22,2699.23,2747.39,2779.56,2768.71,2691.56,2713.76,2705.75,2706.79,2698.57,2443.47,2584.15,2595.98,2638.33,2405.88,2647.32,2589.82,3017.82,3117.59,3138.09,3159.79,3180.36,3189.23,3200.96,3208.56,3215.08,3223.97,3214.09,3205.63,3197.55,3186.72,3184.1,3185.41,3184.37,3190.08,3193.45,3193.41,3165.55,3131.49,3068.37,3016.06,2951.31,2935.02,2896.57,2863.48,2850.33,2914.05,2901.19,2891.45,2885.37,2880.79,2876.67,2866.63,2861.24,2861.08,2853.98,2846.88,2834.27,2826.39,2824.06,2816.76,2803.62,2572.64,2676.16,2776.03,2771.15
79,2496.79,2555.17,2604.9,2658.01,2704.97,2760.27,2796.9,2790.37,2715.2,2742.83,2736.94,2741.7,2735.33,2473.24,2622.11,2636.85,2683.52,2442.48,2697.76,2641.45,3095.65,3205.75,3232.76,3262.17,3290.81,3305.32,3321.29,3332.04,3340.86,3352.72,3347.94,3345.1,3342.87,3337.09,3336.4,3340.31,3341.44,3347.95,3352.7,3354.37,3333.83,3306.16,3250.02,3205.52,3146.55,3136.13,3100.67,3069.83,3057.56,3118.04,3106.2,3097.09,3091.61,3087.4,3083.59,3074.14,3069.1,3069.2,3062.47,3055.8,3043.74,3036.21,3034.14,3027.26,3014.65,2781.89,2887.21,2988.3,2983.77
80,2458.94,2522.99,2576.94,2634.57,2686.19,2748.46,2789.41,2788.04,2716.95,2749.85,2746.86,2755.84,2751.76,2486.93,2642.38,2660.21,2710.89,2464.84,2731.12,2677.22,3150.76,3269.71,3303.52,3341.04,3378.14,3398.74,3419.26,3433.36,3444.51,3459.53,3460.78,3464.55,3469.17,3469.44,3471.06,3477.99,3481.69,3489.06,3495.39,3499.07,3487.59,3467.77,3421.15,3386.9,3335.99,3330.53,3299.37,3271.92,3260.95,3316.32,3305.93,3297.79,3293.16,3289.48,3286.14,3277.56,3273.07,3273.47,3267.33,3261.33,3250.17,3243.23,3241.53,3235.29,3223.58,2995.13,3100.58,3199.27,3195.25
81,2392.31,2461.42,2518.95,2580.36,2636.07,2704.81,2749.53,2752.84,2685.54,2723.51,2722.83,2735.92,2733.99,2466.38,2628.28,2649.13,2703.72,2452.96,2730.17,2678.34,3171.5,3299.5,3340.09,3385.79,3431.39,3458.28,3483.64,3501.16,3514.39,3532.64,3540.77,3552.1,3564.55,3571.86,3576.13,3586.49,3593.13,3601.4,3609.48,3615.43,3614.87,3605.22,3570.89,3549.83,3509.46,3506.28,3480.92,3458.18,3448.98,3497.12,3488.63,3481.83,3478.33,3475.38,3472.69,3465.31,3461.58,3462.33,3457.04,3451.98,3442.13,3436.05,3434.82,3429.5,3419.11,3203.01,3306.15,3397.8,3394.48
82,2293.61,2366.8,2426.99,2491.17,2550.1,2624.4,2671.95,2678.62,2613.37,2656.03,2656.19,2672.81,2672.48,2400.02,2568.65,2592.21,2650.55,2393.94,2682.88,2631.87,3148.33,3286.31,3333.31,3386.85,3440.54,3473.62,3503.95,3524.84,3539.66,3561.09,3576.74,3596.43,3617.47,3632.66,3639.83,3654.01,3663.86,3673.06,3683.01,3691.45,3703.55,3705.93,3686.7,3682.0,3654.73,3649.85,3631.81,3615.21,3608.26,3646.93,3640.78,3635.7,3633.64,3631.62,3629.77,3623.92,3621.17,3622.32,3618.17,3614.34,3606.21,3601.31,3600.65,3596.55,3587.93,3393.36,3491.17,3570.63,3568.23
83,2163.81,2239.51,2300.99,2366.54,2427.51,2506.05,2555.33,2564.19,2500.07,2546.76,2546.73,2566.3,2567.18,2290.53,2464.73,2490.52,2551.95,2290.6,2589.46,2538.61,3076.87,3224.36,3277.02,3337.58,3398.53,3437.43,3472.54,3496.54,3512.47,3536.84,3560.38,3588.88,3618.94,3642.58,3652.79,3671.02,3684.26,3694.36,3706.22,3717.29,3743.42,3759.38,3757.82,3772.36,3760.68,3751.66,3742.38,3733.27,3729.02,3756.07,3752.67,3749.67,3749.34,3748.43,3747.6,3743.61,3742.07,3743.64,3740.89,3738.59,3732.6,3729.16,3729.16,3726.57,3720.18,3557.9,3715.01,3707.89,3706.59
84,2006.15,2082.63,2143.99,2209.41,2271.09,2352.16,2402.03,2412.42,2349.78,2399.38,2398.77,2420.69,2422.56,2145.21,2322.36,2349.75,2413.15,2150.59,2454.88,2404.43,2956.99,3111.7,3168.91,3235.24,3302.23,3346.26,3385.59,3412.27,3428.91,3455.83,3487.25,3524.56,3563.65,3595.89,3609.17,3631.47,3648.1,3659.02,3672.74,3686.48,3727.4,3757.97,3776.03,3811.9,3818.12,3806.4,3807.1,3806.57,3805.48,3818.97,3818.7,3818.11,3819.72,3820.08,3820.41,3818.62,3818.47,3820.45,3819.34,3818.81,3815.37,3813.64,3814.36,3813.52,3809.79,3688.67,3979.92,3803.42,3803.37
85,1826.07,1901.8,1961.91,2025.87,2086.94,2168.61,2217.87,2229.02,2168.0,2219.14,2217.43,2240.78,2243.2,1968.18,2145.43,2173.66,2237.87,1977.39,2282.38,2232.59,2791.91,2951.33,3011.72,3082.19,3153.74,3202.0,3244.55,3273.36,3290.53,3319.48,3358.34,3404.0,3451.64,3492.2,3508.4,3534.56,3554.44,3566.01,3581.45,3597.8,3653.45,3698.59,3737.2,3795.49,3821.49,3813.57,3825.22,3834.08,3836.6,3834.84,3838.11,3840.16,3843.86,3845.6,3847.2,3847.96,3849.34,3851.69,3852.4,3853.82,3853.33,3853.53,3854.99,3856.09,3855.42,3780.64,4203.04,3855.72,3857.04
86,1631.05,1704.63,1762.56,1823.88,1883.08,1963.39,2010.9,2021.98,1962.5,2013.75,2010.4,2034.13,2036.59,1766.67,1941.12,1969.34,2033.17,1777.95,2078.74,2029.91,2588.43,2749.92,2811.97,2884.73,2959.18,3010.53,3055.03,3085.3,3102.93,3133.31,3178.73,3231.82,3287.09,3335.21,3354.03,3383.64,3406.43,3418.45,3435.37,3454.16,3523.67,3582.63,3641.53,3722.1,3769.15,3776.34,3799.68,3818.4,3824.97,3806.59,3813.78,3818.62,3824.51,3827.67,3830.61,3834.31,3837.32,3839.99,3842.62,3846.12,3848.96,3851.24,3853.42,3856.59,3859.37,3833.75,4326.53,3866.97,3869.7
87,1429.74,1499.92,1554.85,1612.52,1668.75,1745.91,1790.64,1800.81,1742.74,1792.71,1787.3,1810.37,1812.39,1550.18,1719.05,1746.47,1808.74,1561.82,1853.69,1806.08,2356.53,2517.55,2579.7,2652.84,2728.39,2781.53,2826.64,2857.64,2875.61,2906.74,2957.51,3016.73,3078.3,3132.85,3153.85,3186.31,3211.54,3223.77,3241.86,3262.77,3344.59,3415.68,3493.58,3595.18,3663.6,3696.0,3731.52,3760.34,3771.32,3735.28,3746.7,3754.43,3762.55,3767.16,3771.47,3778.44,3783.13,3786.05,3790.69,3796.34,3802.85,3807.29,3810.17,3815.51,3822.06,3846.8,4316.32,3837.42,3841.6
88,1230.49,1296.21,1347.69,1401.19,1453.5,1525.8,1566.82,1575.48,1518.63,1565.88,1558.15,1579.76,1581.05,1329.58,1490.27,1516.27,1575.93,1340.61,1619.01,1573.02,2107.5,2265.35,2326.15,2397.87,2472.64,2526.2,2570.69,2601.64,2619.66,2650.84,2705.49,2769.25,2835.53,2895.07,2917.74,2952.32,2979.39,2991.61,3010.49,3033.11,3125.12,3206.44,3301.19,3421.69,3510.68,3572.32,3620.11,3659.04,3674.66,3620.44,3636.23,3646.86,3657.21,3663.26,3668.94,3679.4,3685.79,3688.91,3695.56,3703.4,3713.79,3720.47,3724.02,3731.57,3742.09,3812.54,4186.94,3765.54,3771.19
89,1040.47,1100.73,1148.13,1196.93,1244.63,1310.96,1347.65,1354.4,1298.98,1342.5,1332.47,1352.04,1352.42,1114.66,1264.85,1288.92,1344.98,1124.22,1385.25,1341.14,1852.43,2004.75,2062.88,2131.63,2203.78,2256.38,2299.28,2329.42,2346.91,2377.4,2434.36,2500.93,2570.15,2633.11,2656.88,2692.78,2721.04,2733.05,2752.32,2776.12,2875.96,2965.08,3074.07,3210.73,3318.34,3402.88,3462.51,3511.3,3531.49,3459.34,3479.38,3492.84,3505.35,3512.81,3519.82,3533.74,3541.79,3545.07,3553.72,3563.72,3577.99,3586.9,3591.08,3600.83,3615.38,3727.3,3975.67,3646.97,3654.06
90,864.38,918.32,960.76,1004.12,1046.82,1106.69,1138.84,1143.28,1089.77,1129.2,1117.19,1134.32,1133.6,912.02,1049.77,1071.44,1123.01,919.12,1159.62,1117.46,1600.03,1745.04,1799.41,1863.87,1931.74,1982.08,2022.67,2051.31,2067.53,2096.65,2154.31,2221.93,2292.28,2356.99,2381.25,2417.67,2446.44,2458.07,2477.34,2501.71,2606.85,2701.96,2822.27,2972.1,3095.36,3185.22,3255.51,3313.47,3337.81,3249.11,3272.89,3288.96,3303.46,3312.23,3320.48,3337.51,3347.13,3350.52,3361.06,3373.11,3390.99,3402.02,3406.8,3418.66,3437.0,3591.56,3696.57,3476.39,3484.87
91,704.93,751.96,788.75,826.09,863.54,916.79,944.39,946.22,895.13,930.42,916.89,931.36,929.54,726.37,850.12,869.08,915.44,730.43,947.77,907.68,1356.71,1492.99,1542.74,1601.87,1664.05,1711.0,1748.76,1775.31,1789.53,1816.68,1873.45,1940.38,2010.03,2074.83,2098.98,2135.11,2163.71,2174.81,2193.67,2218.0,2325.79,2424.55,2553.01,2712.7,2848.01,2922.43,3001.35,3067.2,3094.9,2992.26,3018.95,3037.21,3053.39,3063.3,3072.62,3092.14,3103.1,3106.58,3118.78,3132.61,3153.55,3166.46,3171.75,3185.49,3207.12,3407.2,3364.02,3253.45,3263.17
92,563.25,603.13,633.93,665.0,697.11,743.65,766.79,765.9,717.69,748.87,734.4,746.19,743.41,560.85,669.43,685.51,726.14,561.93,753.77,716.17,1126.82,1253.0,1297.44,1350.43,1405.86,1448.5,1482.99,1506.97,1518.7,1543.38,1597.77,1662.28,1729.46,1792.66,1816.07,1851.12,1878.85,1889.27,1907.33,1931.01,2038.64,2138.28,2271.39,2437.22,2580.56,2623.18,2707.99,2779.73,2809.76,2696.89,2725.44,2745.3,2762.68,2773.43,2783.55,2804.77,2816.75,2820.23,2833.72,2848.93,2872.13,2886.52,2892.19,2907.4,2931.57,3178.74,2993.57,2983.41,2994.11
93,439.32,472.14,497.1,522.12,548.85,588.51,607.49,605.22,563.2,589.5,574.04,582.3,578.07,418.05,510.32,523.48,558.08,416.57,580.88,546.61,913.02,1027.33,1065.93,1112.11,1160.12,1197.78,1228.49,1249.55,1258.74,1280.56,1331.12,1391.53,1454.45,1514.33,1536.38,1569.49,1595.66,1605.23,1622.09,1644.52,1748.93,1846.92,1980.67,2148.15,2295.29,2302.48,2390.01,2465.05,2496.29,2377.59,2406.9,2427.63,2445.61,2456.83,2467.39,2489.5,2502.07,2505.44,2519.73,2535.78,2560.36,2575.7,2581.54,2597.7,2623.5,2915.72,2600.93,2678.98,2690.27
94,333.09,359.25,378.91,398.45,419.93,452.55,467.55,464.2,428.4,450.06,434.5,439.67,434.56,298.94,374.6,384.94,413.39,295.79,431.36,401.27,718.24,818.97,851.43,890.35,930.64,962.9,989.36,1007.28,1014.19,1032.91,1078.35,1133.08,1190.09,1245.0,1265.07,1295.43,1319.34,1327.88,1343.17,1363.82,1461.78,1554.47,1684.3,1848.1,1994.57,1978.1,2065.21,2140.71,2172.17,2052.06,2081.16,2101.99,2119.92,2131.17,2141.79,2164.1,2176.8,2179.91,2194.45,2210.74,2235.85,2251.56,2257.32,2273.8,2300.33,2629.91,2205.11,2357.37,2368.82
95,244.36,264.5,279.49,294.22,310.82,336.55,347.69,342.42,309.8,327.84,313.86,317.6,313.05,203.1,262.84,270.64,293.07,199.46,306.38,281.08,545.39,631.34,657.6,689.14,721.78,748.45,770.3,785.02,790.12,805.65,844.93,892.67,942.4,990.84,1008.43,1035.29,1056.34,1063.69,1077.07,1095.48,1183.91,1268.36,1389.5,1543.84,1684.93,1664.78,1748.7,1821.97,1852.77,1735.27,1763.39,1783.59,1800.87,1811.73,1822.04,1844.01,1856.39,1859.1,1873.35,1889.3,1914.19,1929.7,1935.12,1951.33,1977.74,2333.82,1824.99,2034.33,2045.51
96,172.85,187.78,198.81,209.5,221.8,241.17,248.82,241.49,210.71,225.59,214.31,217.69,214.59,129.94,175.07,180.73,197.62,126.75,206.85,186.63,397.96,468.68,489.04,513.5,538.89,560.09,577.28,588.87,592.62,605.0,637.55,677.46,719.05,760.02,774.77,797.6,815.37,821.46,832.72,848.52,924.99,998.47,1106.56,1245.93,1376.88,1373.21,1451.73,1520.49,1549.95,1438.36,1464.91,1483.88,1500.02,1510.15,1519.85,1541.02,1552.7,1554.93,1568.43,1583.54,1607.57,1622.38,1627.28,1642.69,1668.26,2039.46,1473.97,1722.66,1733.18
97,117.73,128.38,136.2,143.64,152.37,166.27,171.08,162.48,134.42,146.13,137.71,140.92,139.32,77.69,110.1,114.05,126.19,75.44,132.22,116.95,278.49,334.49,349.59,367.7,386.58,402.7,415.53,424.26,426.95,436.41,462.18,494.1,527.39,560.55,572.37,590.97,605.33,610.16,619.25,632.26,695.5,756.27,848.25,968.49,1085.0,1108.14,1179.55,1242.11,1269.6,1166.64,1191.09,1208.37,1223.0,1232.16,1241.0,1260.93,1271.63,1273.35,1285.74,1299.62,1322.23,1335.95,1340.19,1354.41,1378.49,1753.39,1158.86,1429.25,1438.84
98,77.23,84.53,89.86,94.81,100.74,110.29,113.04,104.63,81.26,89.6,83.45,86.17,85.68,43.41,65.44,68.06,76.31,42.0,80.0,69.11,186.92,229.52,240.23,253.05,266.41,278.07,287.18,293.43,295.26,302.15,321.66,346.07,371.56,397.22,406.28,420.79,431.9,435.57,442.61,452.86,502.87,551.02,625.67,724.75,823.75,870.94,933.91,989.11,1013.99,921.9,943.73,959.01,971.87,979.91,987.73,1005.93,1015.43,1016.68,1027.71,1040.08,1060.71,1073.03,1076.58,1089.3,1111.32,1475.64,883.65,1157.28,1165.75
99,48.89,53.7,57.2,60.37,64.22,70.52,71.96,64.81,47.12,52.43,47.91,49.83,49.81,22.39,36.48,38.16,43.52,21.71,45.73,38.43,120.56,151.8,159.09,167.78,176.74,184.78,190.94,195.2,196.3,201.08,215.22,233.09,251.82,270.84,277.5,288.36,296.6,299.3,304.52,312.25,350.17,386.62,444.51,522.61,602.83,662.84,716.44,763.59,785.29,705.8,724.57,737.61,748.57,755.42,762.1,778.07,786.24,787.11,796.61,807.28,825.43,836.13,839.01,850.04,869.48,1210.74,649.01,909.73,916.97
100,69.95,77.43,82.76,87.18,92.87,102.63,103.38,87.15,54.67,60.76,51.79,53.21,52.16,16.65,32.81,35.36,42.92,17.04,46.47,36.62,174.29,238.22,250.17,264.26,277.74,290.84,300.94,307.64,307.87,315.89,342.41,377.07,413.66,451.85,464.8,487.31,503.85,509.29,519.86,535.95,617.07,694.37,823.54,1009.44,1209.71,1404.11,1555.48,1692.74,1757.88,1524.19,1577.47,1614.94,1646.8,1666.65,1686.28,1734.52,1758.8,1759.83,1788.13,1820.26,1876.36,1908.99,1916.22,1950.11,2011.47,3534.5,1177.6,2137.63,2159.04
