"","1980","1981","1982","1983","1984","1985","1986","1987","1988","1989","1990","1991","1992","1993","1994","1995","1996","1997","1998","1999","2000","2001","2002","2003","2004","2005","2006","2007","2008","2009","2010"
"0",-7.65121965550912,-5.34098750477749,-3.0333735279083,-1.80055335540424,-0.226418848475729,0.61263639864909,2.05937912113776,4.11146017493915,7.3160637751643,5.90683925888901,3.95583551936369,2.48181788935238,0.839785794185701,-0.659727023593475,-1.11066793168093,-0.0650469958816831,0.601926426862965,1.8000731668362,4.65901381040513,5.25903333041355,3.62325012803769,3.63923714682119,2.75851942766776,1.2349518330011,-3.79319152850797,-4.13090969927641,-4.37825291128118,-4.65485169171383,-5.04312437428918,-5.45121231505669,-5.23049414049253
"1",-6.25106258489034,-4.16494509918124,-2.08072235957298,-0.705172672069196,0.566483531217295,1.11850469900338,1.93036006794127,3.35144450967072,5.65735313768061,4.54156944825067,2.54600627992286,1.38599928668959,0.0995379338109266,-0.860081110520552,-0.921077615305439,-0.159538681878343,0.686649728504049,2.06265194897693,2.83061847473292,3.21980745255088,2.09067620267753,1.79265065153908,1.01745416535777,0.0832321120491588,-2.79248777542532,-2.85140244789948,-2.98857632963207,-3.22949450632225,-3.43536385132559,-3.60484719010405,-3.51386539544865
"2",-3.07007429970114,-2.10085896080769,-1.05534226127894,-0.401625054819242,0.187474794431474,0.502891571346628,0.967231099376659,1.79227616236084,3.14369157090844,2.51871404597808,1.33682320563901,0.630465702152472,-0.140293486268706,-0.772351206056778,-0.907741156869399,-0.458115894711716,0.130000991720576,1.22384007675189,1.80190311999307,2.05753561641012,1.44558620966502,1.39854074991317,1.04020282706881,0.487394874004765,-1.56852310305008,-1.63266473074947,-1.69725469652131,-1.85569367305246,-1.95690641926096,-2.03076955551082,-1.98458583404745
"3",-0.736274537187812,-0.546956030606319,-0.260768907373561,-0.107433932213044,-0.0416936774220039,0.180500371823927,0.400046347973347,0.748463445549973,1.32327685386824,1.06265136974214,0.454620655630318,0.0792025845788152,-0.416263572035949,-0.871715469470531,-1.12859199553167,-0.904105877623364,-0.466060644990881,0.551594638393267,0.821273635392044,1.17519137578707,0.927205017316078,1.05152316254142,1.00343901376064,0.754569274755903,-0.614162444915631,-0.615168011253021,-0.688076651277369,-0.801517943540519,-0.838096182716663,-0.864113394910012,-0.817112002463688
"4",0.949222768366501,0.609374548527861,0.346684630387683,0.156108534888496,-0.160885076613149,0.03303544985084,0.0790503755840273,0.0695319335119193,0.0423174190910537,0.0382087769369905,-0.166939204423129,-0.314740908051345,-0.669007797212861,-1.04100484417977,-1.44146826269453,-1.37550448688314,-1.03212850431467,-0.0193485766092649,-0.0390924372991831,0.44729736038869,0.479900355200427,0.735057283747783,0.945896678376785,0.946305442445084,0.072787647545923,0.153734174899379,0.192888147271858,0.00406653619197174,0.00251796111347047,-0.00243495029649623,0.0293774305689382
"5",2.11221696598074,1.42776093365144,0.78958203750315,0.37166687662226,-0.208942206448937,-0.0182820794934067,-0.0939630369553297,-0.353686919705195,-0.812693783893125,-0.648526087990152,-0.588922541421205,-0.584119703425459,-0.86466233026566,-1.20099388892948,-1.73342625228012,-1.77538000935982,-1.49618251999676,-0.467411207990255,-0.724317148845326,-0.142374211365337,0.0999145708271515,0.452971664524876,0.867991169183792,1.06354208990417,0.57479866284307,0.659771772791167,0.797130816669802,0.677049970210082,0.614926204711688,0.610490845322077,0.622229632911404
"6",2.81817261098359,1.93430321098951,1.07155418620169,0.526293583027728,-0.21803810077475,-0.0212159580216237,-0.177273270242587,-0.596942708395686,-1.32417689975737,-1.0546536855947,-0.85015491945665,-0.751221494530293,-0.989147158411498,-1.30176852040485,-1.9223574177454,-2.03513198573837,-1.7952791191846,-0.744658456544429,-1.19523699880291,-0.564570584511549,-0.186893940125389,0.223852649957302,0.776073458100291,1.10606287239397,0.894464417864937,0.987034428358065,1.12681526904354,1.0793314035261,1.06275779085047,1.00716510087942,0.98722777979026
"7",3.12740364113187,2.15495924009422,1.1984935530828,0.611488943303097,-0.208935517306025,-0.00996794362789836,-0.210703938008836,-0.706844397825207,-1.55757649721043,-1.23228706377748,-0.974618608981118,-0.82930972315869,-1.03836472991728,-1.32602151746903,-1.97380504323815,-2.12561990423206,-1.90774741181692,-0.840599963533489,-1.4348288391733,-0.804415124975444,-0.359693986098036,0.0674230400083503,0.682283143183644,1.07961525974084,1.03930918815699,1.13882293804476,1.28597100947299,1.23507154710682,1.27865537690109,1.21638026638539,1.16246118720268
"8",3.13462497654125,2.16095522071541,1.20264988565242,0.631043295098591,-0.190917701372551,-0.00132637559938849,-0.221069962181306,-0.727299415633382,-1.58851212998542,-1.25107951562517,-0.99362977365203,-0.837488851205087,-1.02149489634112,-1.28375189061406,-1.90425089082116,-2.06625752032715,-1.86762040269558,-0.822189790895363,-1.47578437189396,-0.881190787735557,-0.42811809262904,-0.014018567845933,0.598482593804795,1.00951717522158,1.05198505561184,1.14771601531843,1.2960612331532,1.25044510168906,1.29906458253758,1.27322173790995,1.19938766803055
"9",2.93187623619815,2.02094564851868,1.12630388693061,0.595056401041209,-0.170590245941475,0.000783722803261546,-0.212644042346167,-0.68859105002975,-1.48720970779347,-1.17021055105268,-0.938370459499262,-0.794149386377478,-0.955126714665897,-1.19066365257834,-1.75175044760036,-1.90362043988468,-1.7189460639621,-0.746328238788549,-1.37473005392823,-0.834943136641792,-0.413371918671402,-0.0319128611337911,0.535463611502699,0.919190751382853,0.973999470337304,1.06341683607578,1.2008980970434,1.16363969917935,1.21040187034727,1.20162022552439,1.13879451180674
"10",2.63003773612423,1.81221188718562,1.01152744653658,0.531347324957729,-0.152849727663352,-0.00288280810326692,-0.194908805967781,-0.616085978178619,-1.32016217876365,-1.04450225289157,-0.842525655917883,-0.720511045319997,-0.861563526958668,-1.07580549049872,-1.56555644095963,-1.69763951795456,-1.52839660963994,-0.666258339076704,-1.20555777543668,-0.725570666783273,-0.350670079576762,-0.00999994543961753,0.492811145485574,0.829015022434312,0.855622098076367,0.938230541647398,1.05884222564929,1.02577001176817,1.07468869610165,1.06582432433682,1.0168300538015
"11",2.30752138932723,1.59604797527772,0.894293141015229,0.465623207224233,-0.130147029665418,-0.009862893699536,-0.171509188877027,-0.533494317801754,-1.13836550345138,-0.91371945890312,-0.739225268315776,-0.640519791817642,-0.763897944354867,-0.960017995259159,-1.3840966248333,-1.49553721707077,-1.34445767956156,-0.605584779192439,-1.02620722612664,-0.6016191788699,-0.27716108849221,0.0233960672109731,0.461740805415769,0.749448446055049,0.736854537388374,0.807727314769976,0.912853574056625,0.880904030966095,0.922963135021178,0.925932497294611,0.879849642675155
"12",2.02452747784949,1.4045725357267,0.795352929830789,0.412333096363453,-0.108971694931398,-0.0112404118928685,-0.151225083248774,-0.458082475104168,-0.979679153701909,-0.796710879109859,-0.646684422468596,-0.569813159722651,-0.678980089511642,-0.859803140738179,-1.22921347646868,-1.32333945793389,-1.19057194596809,-0.554678822176506,-0.877177438956723,-0.492725972683107,-0.214651969336806,0.0537914987017671,0.436253341859547,0.681527586540616,0.632719977171247,0.69511580679269,0.784916396954281,0.757667103848873,0.788759883672809,0.79186547554371,0.768377307958417
"13",1.82410085585947,1.26932602542239,0.725017640778884,0.377941684640348,-0.0864273497971761,-0.0103258786419623,-0.134866274426268,-0.406656475705198,-0.870777230298512,-0.716051976742489,-0.582644874125884,-0.518792395812437,-0.614670591745544,-0.782700665032648,-1.11041659682082,-1.19380794903872,-1.08067038725127,-0.532576470076545,-0.77793355018791,-0.422254280482933,-0.173683463163903,0.0680104562679292,0.412228288872628,0.630699289830676,0.561701556829721,0.619224409526073,0.695419106880179,0.67033546637734,0.696781221082594,0.698099148219639,0.683370725854535
"14",1.71475481842608,1.19935790323526,0.69019446497623,0.35831236715993,-0.0664325326818504,-0.0131612126208722,-0.128997173424098,-0.38111682113532,-0.813221786197697,-0.680166051875353,-0.545065664820878,-0.49018516152438,-0.572913915266947,-0.724655349632808,-1.02354713573605,-1.10202126393925,-1.01380253634167,-0.553461856513734,-0.731683862740229,-0.392186437449238,-0.159387745310863,0.0674787868532827,0.390656972177108,0.59361822212416,0.523461052950008,0.576095796334468,0.64620326998824,0.627670271918912,0.644661834006011,0.649835024964304,0.641619679951504
"15",1.6907473120213,1.19076014247528,0.691172936498658,0.353253736092258,-0.0486967078725915,-0.0159566431338097,-0.133132612425889,-0.380241123695425,-0.806022921134591,-0.68786011323201,-0.536798902231554,-0.484351722033146,-0.55103879459542,-0.687795800421727,-0.965037045874532,-1.04953942370844,-0.988804371648585,-0.606014299501552,-0.731569086600516,-0.39786363350589,-0.167756802751306,0.0546477041497704,0.371377962520333,0.570547910020012,0.514481697471628,0.570309180577182,0.634516006676,0.619042825242063,0.637341233117586,0.633122942916237,0.64118584386511
"16",1.7248007478793,1.22143874224682,0.717137324080116,0.363577778347864,-0.0354608082718942,-0.0225571323102175,-0.141548799596869,-0.394607880691103,-0.833560518472509,-0.723061576129435,-0.552752535931364,-0.491793121496478,-0.543690206023962,-0.665946858441033,-0.934523827485576,-1.02655570809125,-0.989600611049607,-0.67325452971262,-0.760683785264325,-0.42495168962996,-0.189401605751413,0.0357184849222883,0.357577805418565,0.563455579760059,0.53251864697492,0.58556420611112,0.649381038115938,0.615982611124686,0.650987396375801,0.656326626822957,0.659354102397748
"17",1.78910338557242,1.27290613729026,0.752740129837816,0.381570929015961,-0.0251493834832013,-0.0307237983882745,-0.152670493486752,-0.412959461559561,-0.877572858551213,-0.768612201972842,-0.576320243904558,-0.511071474095221,-0.548519667144694,-0.660869401619219,-0.927029916387112,-1.02587837478216,-1.00731900350936,-0.740426113477888,-0.800613981603277,-0.455413257042289,-0.208389774444784,0.0217148364905249,0.353206502681754,0.571404304979861,0.568343129247523,0.621276267667114,0.683582932602277,0.611093917697166,0.63480329375635,0.684265838380777,0.707841700579184
"18",1.86116453706889,1.32959066066738,0.788181456691449,0.396061325691266,-0.0154637788626016,-0.0361243228336922,-0.165946262497649,-0.43560176018574,-0.920694925933503,-0.814519128680345,-0.60108957046433,-0.531368270929481,-0.562436256139071,-0.666982302010144,-0.935682250720951,-1.04286150773531,-1.03770441178368,-0.801627390623676,-0.834239252328368,-0.47367209587636,-0.21420098019037,0.023956738456257,0.369949395919789,0.601698506298568,0.619505632588577,0.673179160329407,0.731443744496016,0.633391700644369,0.584596449375607,0.644787175283529,0.752998180551656
"19",1.920405785128,1.37800357809983,0.816099950830649,0.405227606185023,-0.0130143085736095,-0.0381023865280998,-0.171668699487298,-0.451598665102124,-0.95722624856093,-0.850672370407076,-0.619583649049965,-0.547162642648482,-0.579527157601907,-0.68586056111361,-0.961452467846571,-1.06707577209483,-1.07110969755542,-0.860821431557168,-0.85510567076349,-0.471401360044384,-0.199309853581658,0.0478241842530203,0.407999956063529,0.650032323802366,0.671959984621569,0.72868908574318,0.784860239885025,0.690843857674302,0.573912738176328,0.532803881469345,0.711296735327209
"20",1.96452549285152,1.41841044074277,0.839753015411447,0.410215608483753,-0.012264281122588,-0.0404074280156559,-0.169348989823188,-0.457708971055895,-0.983879394824079,-0.880219931836897,-0.629624498588695,-0.559853394372475,-0.597980673445866,-0.711172086546914,-1.00033164216008,-1.10178188243485,-1.10916902984126,-0.912906158132281,-0.869381918593823,-0.462386687749972,-0.177779433944404,0.0779606559026388,0.451818562337999,0.698560084009324,0.712248855624357,0.770485485173208,0.826938615462997,0.740960558144915,0.626518477901172,0.472788596870264,0.584872470308718
"21",1.99224077445272,1.44889414258982,0.860293158976126,0.413842010845746,-0.0116186652466047,-0.0375419324742577,-0.163407457346114,-0.451273468381786,-0.99637356106414,-0.901694926560035,-0.638607624012911,-0.567778622701747,-0.615023965970486,-0.739277059806071,-1.04140821274447,-1.14000919931958,-1.14727147163077,-0.960654655828128,-0.883323620238929,-0.457996911458725,-0.164893727816874,0.100289370412856,0.483123292836958,0.733173747261711,0.729717100381864,0.787120797351416,0.842945333287887,0.762016499867663,0.662085150115443,0.515170185216421,0.508736315591862
"22",2.00409349895827,1.46572382478811,0.875259827359386,0.420160629007636,-0.00998200710356422,-0.0354172371240746,-0.15574835521496,-0.444026836755854,-0.994786809827938,-0.911011163110448,-0.645219025218348,-0.575228353351792,-0.625639112418289,-0.759576052331121,-1.07340895521223,-1.1712963155501,-1.18057968505453,-0.99902381704427,-0.893697329735451,-0.459104000613277,-0.161764481382647,0.111872249961707,0.502391304636982,0.750802176477951,0.731380804960273,0.786149882198792,0.838814343431419,0.771324526111556,0.669832434325845,0.547407579962384,0.544425639313944
"23",2.00461691209205,1.46745730728082,0.878077330790981,0.425289964198333,-0.00503719226962801,-0.0353183287483076,-0.152360448542095,-0.438013570766523,-0.990835121938523,-0.908455572744776,-0.644063762418269,-0.580276271992024,-0.631776644010486,-0.766712188530354,-1.08776168882315,-1.18512808572677,-1.1972963862172,-1.02076368180358,-0.899938389539108,-0.461874512315053,-0.164607369482449,0.111529199179532,0.509300554107473,0.758558811217673,0.730254028220447,0.781566699185531,0.831323748755773,0.775561998475595,0.687580484627243,0.558382189115317,0.577920954774667
"24",1.99532577393114,1.4609898252162,0.874444732932122,0.425602053811483,0.00266483905684259,-0.0303910142346308,-0.153980247499816,-0.436965439526967,-0.987401482966802,-0.902812185691871,-0.637804859012969,-0.579091322104458,-0.632692637147923,-0.764252506084218,-1.08202809804991,-1.18461602139045,-1.19982617281177,-1.02658813715744,-0.907017792482388,-0.471129057412709,-0.172454317957148,0.103573565318752,0.499113907606767,0.752262423348245,0.725780821411369,0.773949271993992,0.822200082363912,0.782161074500298,0.701437268159702,0.590316676845708,0.589249692956221
"25",1.9826562868994,1.45060009272936,0.86878738266596,0.425108025018182,0.00529145316811512,-0.0219125018519683,-0.151160967630859,-0.44456232227768,-0.985128987602892,-0.896742768341618,-0.632766906627296,-0.570150546168218,-0.624660507876495,-0.755821319853014,-1.06663843483236,-1.17298967379514,-1.19337181476703,-1.02272518297919,-0.915743051174323,-0.489558009378374,-0.189209585983261,0.0848368813609493,0.478122700955069,0.731474540084586,0.716095106039656,0.765994255553035,0.810542735138279,0.786820426137723,0.723823948388681,0.615774509985091,0.619178479466907
"26",1.97105908885226,1.43611181920395,0.859502141754341,0.423931331174234,0.00744504173135313,-0.0195709114696564,-0.144988652719826,-0.443604922560177,-0.990590946630492,-0.892456127577961,-0.628337285821019,-0.562440217183222,-0.607699667336425,-0.739357484721073,-1.04619925631375,-1.15816986118565,-1.17976689404179,-1.01281649972636,-0.924144348459622,-0.51048061796503,-0.210646505892887,0.0635597309757587,0.453515873478235,0.705629050680247,0.703818635098019,0.756511183404262,0.802881370263216,0.781140285155032,0.744418509973148,0.653544285726584,0.641651488011828
"27",1.95929185324652,1.4236908156769,0.851338980683159,0.421747097562037,0.00862975614826438,-0.0196428090622372,-0.144992705139758,-0.43723922222087,-0.986709182336676,-0.893618828049293,-0.625206129080044,-0.554016007053668,-0.592732454296057,-0.717665870678951,-1.02404647788938,-1.14668689701182,-1.1683699423936,-1.00154991204579,-0.93253538803625,-0.528012916175222,-0.230536785471306,0.0394562874398372,0.428114739321046,0.682528669801169,0.691327451501968,0.744102421111238,0.794865565247557,0.781772156343567,0.744666091596759,0.689602293447015,0.677301108909776
"28",1.95590128802851,1.40942407490923,0.843077840674861,0.419384219133891,0.00521517914479102,-0.0205952125809904,-0.147280814601829,-0.437393838412952,-0.973575167120488,-0.883425240605379,-0.629342119623543,-0.548169629327701,-0.580175664693978,-0.700394746310022,-1.00137512070584,-1.13528932249155,-1.16329409714094,-0.992985809385538,-0.937142987718752,-0.541467059394325,-0.245789733443932,0.0199679608628361,0.406554912504915,0.6621668877759,0.68110445275983,0.734756086700598,0.785175222344542,0.791741102702622,0.75609278392362,0.692012755190482,0.711647045770067
"29",1.95453967339871,1.40467392291084,0.833038795383369,0.416033271490134,0.00315646646480492,-0.0235735655165771,-0.149558301455632,-0.438005221102998,-0.970769086580274,-0.866646173016741,-0.621957441430691,-0.551542400670746,-0.57230197560892,-0.688940142967898,-0.987173422262152,-1.12409779996347,-1.15943361982164,-0.98956125193147,-0.94375663076705,-0.548976414258352,-0.256506549784368,0.00589271539105579,0.390360149945736,0.646508363984714,0.671840688815162,0.724969385011793,0.777198470264872,0.796143182683414,0.780896920686889,0.712583034131836,0.713268777243051
"30",1.97054978637021,1.40421927159818,0.830290447442336,0.408830289809724,-0.00258836572214904,-0.0250928431087851,-0.154805463632894,-0.442043360576953,-0.971039378796454,-0.862484475857132,-0.607125762943527,-0.545727791912663,-0.578565373439156,-0.686278185471676,-0.983007435319232,-1.12219578220572,-1.15574530676178,-0.985976926772401,-0.953574210462385,-0.558794170917185,-0.264574386798441,-0.00377868695140732,0.378454067691761,0.634489801247065,0.659388902075394,0.71547034853902,0.768836456157823,0.786334044807465,0.80196814049604,0.75331728377736,0.730789771331862
"31",1.94359198377271,1.42986152107181,0.837097697301935,0.412826665611439,-0.00766184384073843,-0.0254275702797376,-0.15250407541988,-0.445728448818851,-0.974889051947373,-0.859134744785629,-0.603141327409641,-0.527847437027326,-0.574357559349046,-0.696458457562657,-0.987764593483791,-1.1248835303502,-1.15477715618969,-0.979318619720799,-0.961598765702624,-0.571053370966237,-0.273294903938215,-0.00961781182694316,0.3697512373414,0.623513824024972,0.649024203343724,0.705716594159037,0.760391595989296,0.792011318269859,0.789360458617336,0.788396952541754,0.76894193827092
"32",1.86537355963308,1.41665219710954,0.876793829199048,0.43244434336061,0.00292877988578004,-0.0174260392449142,-0.142868800488442,-0.434337829527275,-0.975953178303726,-0.855722577936516,-0.594592474627735,-0.518880457248937,-0.55506453613559,-0.689805556093446,-0.999647401862112,-1.13038768738991,-1.15807910836992,-0.974511229883776,-0.964525259419241,-0.581330621211107,-0.287846965074341,-0.0219103311227562,0.360865812738779,0.61236097428518,0.63562295565397,0.692511069206757,0.748201668738064,0.822838539795137,0.808333245239915,0.772361405749404,0.799104367426936
"33",1.89185560296793,1.3359555992333,0.862500075575475,0.473833085236709,0.0177687658340999,-0.00359589349685237,-0.136206962938552,-0.429700997582928,-0.974421794403181,-0.859294028028424,-0.593192989676846,-0.511804902927612,-0.551292984843899,-0.674883878109902,-1.0008175507801,-1.14599954083871,-1.16443652362233,-0.972796851946819,-0.971292683938453,-0.585970498206086,-0.300664720557735,-0.0393803213670362,0.347906689325097,0.603481950039351,0.622919756297724,0.678344664539717,0.73603961905388,0.815041991839665,0.885044688200195,0.806649281774488,0.7831761776022
"34",1.9942781361595,1.34792885684948,0.764613829308233,0.446007512596024,0.0453157889644503,0.00670741714580629,-0.131645998314178,-0.434679367369048,-0.985613085578846,-0.861635487112472,-0.601935087259119,-0.517052507644983,-0.552700792390875,-0.675550436540039,-0.992455123252737,-1.15020790776174,-1.18324502987855,-0.975961982154741,-0.981148368235657,-0.59592934171799,-0.308531893751974,-0.0553893443179172,0.328963422777924,0.588689127507204,0.615446832126988,0.665789924796635,0.723045626686486,0.787518233975569,0.884499856394346,0.93109289172076,0.817578814937087
"35",2.08457377815963,1.42915934185303,0.759552729729588,0.336213422806519,0.00161292108867139,0.0300541141455409,-0.131891082993057,-0.444077128754345,-1.00552779895707,-0.875545633287195,-0.606941554022617,-0.527905640795795,-0.560794315518461,-0.677896600695836,-0.995227063166538,-1.13997306538615,-1.18358839441331,-0.9876778192393,-0.990937943739718,-0.603142974605219,-0.314436648092274,-0.0593763317707854,0.317518977810135,0.573997988451499,0.610061152870242,0.663639871127578,0.717242806446645,0.789079021322345,0.84524692635221,0.941613770656193,0.94750121236219
"36",2.15692933784149,1.49489754188296,0.818775124664902,0.317078546847152,-0.121978237582887,-0.0220137385409152,-0.117499626560685,-0.456303548281837,-1.0272240027796,-0.895552624819827,-0.619568955698081,-0.530572175169385,-0.570542384463152,-0.679881533317573,-0.990291587501651,-1.13609612998432,-1.16464040730226,-0.977484938748495,-1.00379963241245,-0.607996682907,-0.313249284459098,-0.0574857421174282,0.321817466554808,0.573032488472231,0.610948229353411,0.668084573888227,0.725391589980326,0.814037274351441,0.86672904673684,0.896985575723434,0.968974183363527
"37",2.21098132316836,1.54641435753598,0.869073562373209,0.366818207011259,-0.14645162353379,-0.15402380615657,-0.178469037380891,-0.446833167287925,-1.0443749626497,-0.913937516814886,-0.636724139021864,-0.541182836119906,-0.569074198368199,-0.682578973742789,-0.984427701899792,-1.12582046818935,-1.15646788759366,-0.957873974624462,-1.00239222651826,-0.625484529762558,-0.320182130475967,-0.0607444734865944,0.32192551195558,0.576894657218473,0.614307758658281,0.667189767986047,0.728227369120378,0.831741204975982,0.908701206504284,0.925581271668899,0.921141262457246
"38",2.25226781980553,1.58505931129249,0.90948312659776,0.41100439285923,-0.0992445286424825,-0.183245218326236,-0.318561567228711,-0.514462169131769,-1.03707481171607,-0.928017903984527,-0.653376950778926,-0.555792369188271,-0.573319863898789,-0.672583548677813,-0.977669870688793,-1.11962058021899,-1.14691843457194,-0.954675403118224,-0.990283349302786,-0.632601065184711,-0.342282086281191,-0.0740004669807173,0.311677777309155,0.570544032105695,0.620530206927865,0.665406872328041,0.720657883565033,0.819055213898398,0.93191686373015,0.976271681963408,0.943048090496624
"39",2.2737657546625,1.60794638125777,0.937098475014433,0.445549310395949,-0.0577733352114296,-0.143825033492341,-0.355842241228245,-0.660520833870689,-1.10209796273201,-0.917557481359977,-0.665264242352074,-0.567190905288271,-0.577737515428413,-0.663541955048229,-0.952205225610939,-1.10722000618607,-1.13868366390309,-0.952731634737029,-0.990813308907808,-0.62623908431871,-0.349742625727164,-0.099580035219215,0.297514211690226,0.561944914189714,0.628199891269885,0.674639733442937,0.721302353459875,0.807808701958754,0.911450270655647,1.01068630998176,0.996081105085562
"40",2.27345201394267,1.62007891331941,0.954560509858014,0.469503863939847,-0.0230222340884003,-0.112729605536318,-0.323636178041307,-0.701445133361544,-1.23833371737565,-0.979152815990452,-0.650606998047951,-0.57493053166858,-0.579848369860126,-0.656689424608864,-0.930335284157046,-1.08105368336682,-1.12600217277024,-0.951592999678742,-0.987581597913085,-0.631296183338585,-0.338694509829121,-0.102037292225791,0.273337313780873,0.553766705436401,0.636831578186241,0.687296818250567,0.735828873778907,0.808498413996338,0.901670842137278,0.987972671677659,1.03479488423469
"41",2.26119702168319,1.6250629467082,0.970163316583215,0.48965494677383,0.00476488692372546,-0.0876079272474976,-0.29778526376364,-0.670922363674943,-1.2716902771145,-1.11398895398029,-0.714785728580116,-0.558316074204839,-0.579927995154703,-0.65037223593322,-0.913177662327109,-1.06102500404329,-1.10299662407407,-0.95074577923293,-0.98679641301564,-0.633506865254513,-0.340520614874844,-0.089021991841201,0.271784912219136,0.534845952111426,0.645872883712672,0.70350627708391,0.754989150414438,0.812497428997254,0.902458694358985,0.981024588588011,1.01799003359833
"42",2.24780294846562,1.62728015965404,0.98528072769757,0.512192183263761,0.0299599870343308,-0.0652237562549159,-0.274967964142357,-0.645036349171802,-1.24249133067866,-1.14899193125149,-0.854050270382808,-0.619011886207026,-0.558479686414191,-0.645614007913071,-0.901548825950636,-1.04891381374642,-1.09373665595877,-0.945109917949815,-0.993788449316265,-0.644177254451209,-0.344948455983585,-0.0925731747015924,0.284848666394854,0.535592473136035,0.637524684383041,0.713662860540189,0.772567282344356,0.848161175840819,0.891026697199134,0.977967469076608,1.01132225414687
"43",2.24507818404846,1.63682407458763,1.00170468423106,0.534720118318029,0.0560920166923774,-0.0439181352358145,-0.255106457730198,-0.624060357838808,-1.222794033981,-1.12623237850013,-0.89637105043218,-0.763427681653189,-0.621638085342861,-0.629523390810083,-0.901512248663145,-1.04943035731556,-1.09384540324631,-0.948961730914968,-0.992152253407473,-0.657471696100252,-0.355783792511188,-0.0975361266864636,0.281742443276983,0.555579372648136,0.652187528336588,0.707767703855209,0.784904417620507,0.876725501964333,0.942598070268267,0.953099066464779,1.00996445174235
"44",2.24864282820159,1.64858901912011,1.01809474646217,0.552822529461491,0.0782833604374145,-0.0195812778981615,-0.234625315707918,-0.606344773427337,-1.20845284978604,-1.11068885000469,-0.875474702218868,-0.810374804656998,-0.767392359929231,-0.692264362204657,-0.886954815687772,-1.05394889754078,-1.10521459929862,-0.963972775955163,-1.00473443510821,-0.662434946804909,-0.370821101899974,-0.109514863794572,0.277473630236738,0.556609933850754,0.683342252423211,0.724699796726662,0.780505385492404,0.877905238875273,0.985917785018635,1.02276842321766,0.987920581601773
"45",2.25381981855015,1.66035009663861,1.03215813512916,0.569744142458578,0.0965312554201214,0.00497322704355152,-0.209266848492346,-0.586877434368003,-1.19907977761785,-1.09974632742547,-0.860761810294864,-0.793592442341703,-0.821273933394189,-0.840033291865049,-0.950520338981798,-1.04043243290623,-1.11564125826064,-0.979798925679022,-1.02229247493726,-0.674900270669014,-0.374147942341998,-0.124698629689078,0.265439713141885,0.556018214409661,0.694204418005087,0.760094410590919,0.800676546693952,0.844268908872091,0.975446454331409,1.07886154105404,1.0622454159797
"46",2.24612733472048,1.65776760468222,1.03498003261978,0.579066028251464,0.110171171746563,0.0235368711787881,-0.185422506823254,-0.562618919875777,-1.18356833438106,-1.08731095960802,-0.845203177676864,-0.776797105408441,-0.803688390672414,-0.887721348047594,-1.08603458150031,-1.09549139051204,-1.08981657694156,-0.983076648718586,-1.03164990732246,-0.683405014511594,-0.377961270457254,-0.120466586819595,0.255640166485363,0.552845520723203,0.711526954344512,0.782940394506398,0.849756355451747,0.834845519308692,0.921865624433116,1.06964062007083,1.13370270981083
"47",2.20497151690697,1.63148131209012,1.02104578653696,0.576419100029054,0.119845284643686,0.0381847024035583,-0.164929418294667,-0.533900094145378,-1.15323979652745,-1.06143476636545,-0.821483757548866,-0.750948858116466,-0.775480243084642,-0.851483108343108,-1.10835001756057,-1.21583979509729,-1.13210271727819,-0.949508462214395,-1.02741406974308,-0.685132426511679,-0.381261639658974,-0.120889766484291,0.261879116131666,0.546850540083455,0.721870592699953,0.808051671324682,0.880048895824119,0.878254110812641,0.882237082749825,0.996173792718991,1.13537632481003
"48",2.13238953145118,1.57862850038619,0.990905534916134,0.564324612599634,0.125731429909422,0.0489685217282486,-0.147016007484881,-0.505517316043873,-1.11240207604003,-1.02042390359127,-0.786087236673354,-0.717071195820559,-0.735357154128894,-0.801674590820876,-1.04432150139384,-1.21850353562633,-1.24142029986268,-0.984859737163039,-0.977162932949576,-0.675048522785185,-0.378579041755553,-0.124568413280826,0.25673583523551,0.553100997780833,0.72814912179825,0.822613150783179,0.909966768835181,0.832205419005872,0.91524456202164,0.922310841050625,1.06567215569856
"49",2.03267948540011,1.49804420633182,0.941149184041592,0.541440973147699,0.127127930754479,0.0529181892568692,-0.133156138486952,-0.476832807520804,-1.06410515843474,-0.965884761207553,-0.73405623410525,-0.668700345574847,-0.678793385736769,-0.731460418629203,-0.956387082028001,-1.12603742316881,-1.23357866152449,-1.11235361869395,-1.01901828959869,-0.631098236910676,-0.376577806190075,-0.135691169110212,0.232983542992446,0.534521376228305,0.741738896725271,0.822820116932911,0.919419270508101,0.887066133905313,0.776702538768321,0.935701122587734,0.984879104947617
"50",1.92782834329458,1.40996370866234,0.879385426885184,0.509387948779362,0.126365629160896,0.050885337102107,-0.126945628494097,-0.453284776885608,-1.01591096170603,-0.911753538359097,-0.679354206542842,-0.609796904235083,-0.614845745051075,-0.654834726998927,-0.8582462217247,-1.02501270033644,-1.13805899406411,-1.12186667980616,-1.17073040033987,-0.701816795727593,-0.346580400184064,-0.156229196539537,0.191410318352201,0.48828634404544,0.725342482610407,0.823716131131953,0.904955501095243,1.01126130414215,0.849783042368182,0.692749804877805,0.986367440763812
"51",1.836240938302,1.33361273606954,0.821382359571781,0.471631690315337,0.11740461449698,0.0420101906155248,-0.130803596908882,-0.439597331112184,-0.976040956013527,-0.865627600335911,-0.63248749690935,-0.554568565243097,-0.54608500843351,-0.576126954979783,-0.761682343443706,-0.927346729796412,-1.04135845513315,-1.0466435348453,-1.19824182960757,-0.900552247046013,-0.441353818870043,-0.145470346253254,0.142573175225923,0.427616276666283,0.688529654771705,0.79735187549261,0.896937628264774,0.990779966134196,1.09940704171777,0.791042770819694,0.725057113227945
"52",1.77835090248877,1.28996227897062,0.788547713428021,0.447276530330786,0.104988864184147,0.0284643248376597,-0.138768224879775,-0.436941941915144,-0.952118912446213,-0.833174157609263,-0.597479798546086,-0.513041691787644,-0.488524189557847,-0.504654281018435,-0.677430285175405,-0.847428852569359,-0.974170226780937,-1.00050466781552,-1.16246003847416,-0.985343659639283,-0.693733049660718,-0.290327169587839,0.111898537737442,0.345572720023858,0.620129455985454,0.73281643156792,0.842965032048222,0.994883787221384,1.05341790876181,1.15351015708823,0.803052792851422
"53",1.75311765072512,1.27599707566375,0.778967933872823,0.435061979557374,0.0919516270047376,0.00516125831638225,-0.159008055199868,-0.446813396327452,-0.950934028227274,-0.823680571807783,-0.580967165031232,-0.487573418106354,-0.451050465341178,-0.451181755927054,-0.61108123129107,-0.787531751546678,-0.917006364579087,-0.957429128688226,-1.12783465312104,-0.9612742021747,-0.78556725060599,-0.562160303636267,-0.0436810032274986,0.329017070850844,0.569314689672626,0.676045272506023,0.79187980732825,0.96972483966521,1.10987492550862,1.12418334742762,1.19524658371293
"54",1.74119678601399,1.26946913909354,0.774750300406936,0.427404727111979,0.0751108463098639,-0.0238625545407186,-0.193012162111234,-0.472741181404482,-0.967211024886344,-0.830979628133163,-0.576303015230384,-0.470300202032311,-0.421686266958507,-0.408112275439891,-0.551544694387997,-0.723621871576051,-0.865444012171958,-0.912344756760024,-1.08168594356053,-0.916003474992797,-0.737903814836217,-0.629875331218257,-0.300819305218017,0.211703323002915,0.606734768667375,0.667027689109187,0.777962736818897,0.911332929062628,1.14546534888603,1.26583161558601,1.21227114478375
"55",1.75515821709249,1.27959355312089,0.781642169451403,0.428706017575878,0.0673906963213536,-0.0426224168445034,-0.224237674507979,-0.510580601886502,-1.00210356301492,-0.853800255473128,-0.585710217679132,-0.468091628943653,-0.407741588262951,-0.381646760586823,-0.515796196874582,-0.678261505054037,-0.819128843447714,-0.873307503929709,-1.04263258597634,-0.871923852303183,-0.690575856031125,-0.575513200254319,-0.365579688135473,-0.0451798363118626,0.503424526317445,0.718073350613226,0.778874357311501,0.913257323237675,1.0411593579335,1.32650480424779,1.36607165864472
"56",1.7779665294861,1.29214857791281,0.786996330220844,0.430548516326406,0.0639948134427121,-0.051952903237972,-0.245555188711074,-0.546202243407186,-1.04881103146836,-0.888780355017577,-0.602296491473161,-0.474408672547519,-0.402300154792647,-0.362919024378125,-0.488461639694786,-0.643726364216655,-0.771775300240549,-0.824153991293437,-0.994153487227086,-0.82263663055505,-0.63664389737698,-0.51533167365309,-0.296190384108494,-0.100094591319869,0.26059134676395,0.623373197558747,0.844623600068195,0.971630323078486,1.06006081292386,1.17492107623001,1.43988220091534
"57",1.79519322139884,1.29129291336983,0.779795298210948,0.422320064083397,0.0585928230209038,-0.0578964209384504,-0.255747747428627,-0.570656010020721,-1.08710670490631,-0.925979131801216,-0.621352003259549,-0.478358962053219,-0.393425265686378,-0.339411224291619,-0.453306878893388,-0.598903760747998,-0.728074605686608,-0.776972158435629,-0.938071758963888,-0.768982700287043,-0.583729726924616,-0.457513962496897,-0.232146773738906,-0.0281491410703504,0.20572934695391,0.369637195426982,0.745458186978822,0.98783340772262,1.16892563430593,1.20067184560948,1.28653320131276
"58",1.8179376161,1.28336081793973,0.762228047491992,0.40591106328281,0.0497455902121987,-0.0645600960047688,-0.262039053463798,-0.584016758352129,-1.11034570945351,-0.955615154913382,-0.647382329705532,-0.48833134982044,-0.384429596442007,-0.315684479246516,-0.414233723701176,-0.551811175735054,-0.673987313651747,-0.729144769003549,-0.880956648008235,-0.711629016645472,-0.534613026040145,-0.414431421680195,-0.188079840726587,0.0182673966917854,0.263405465093936,0.293706174119392,0.460942869773351,0.821402510284443,1.11226748702305,1.34716877289361,1.29616540873977
"59",1.81738857659508,1.27398676618444,0.733672046633748,0.37722080583062,0.033736896467022,-0.081865874836205,-0.272929231356125,-0.592064032781703,-1.11375729978295,-0.965127614497336,-0.663275574262388,-0.499724813234246,-0.370453251959264,-0.279308652114352,-0.358548194272819,-0.486917797065647,-0.613635445592367,-0.680148744205849,-0.826316456985941,-0.655203414089028,-0.480775013041976,-0.375158227079028,-0.16067479839501,0.0460226107499212,0.303980127342994,0.336576702168953,0.362902653515662,0.687752945508556,0.877166303390243,1.21569432099406,1.43622944661999
"60",1.77246899958948,1.25691678198114,0.718795377205169,0.349884863968278,0.0153414340686133,-0.107087536252588,-0.292830922567948,-0.600024220683381,-1.10487722065383,-0.956121545213479,-0.662899617141866,-0.502677874706938,-0.358206954967423,-0.239934244397432,-0.290434912347198,-0.413820596843935,-0.542921833789094,-0.627298097422331,-0.771695507172206,-0.609128974897676,-0.433655329100856,-0.337938307401628,-0.146832101791347,0.0499525190321673,0.32727549061084,0.35761367663404,0.383199674587722,0.719424185023656,0.902310106484027,0.898774280205836,1.27805464252224
"61",1.71735800116608,1.2257682938992,0.722183919732465,0.355754777623347,0.0130562954703856,-0.13018410893552,-0.317510529434425,-0.611929251046476,-1.09342067644789,-0.941419415228681,-0.653609831541233,-0.498300233859018,-0.34657983043604,-0.214115823786862,-0.232327579580174,-0.350474814698051,-0.482177380047296,-0.589994883528992,-0.740002600725048,-0.593290618641251,-0.42323849620065,-0.335734472601802,-0.163102218398141,0.0143457395160456,0.309701375899025,0.335349402271418,0.357232777403443,0.680544366598545,1.04993983512477,1.0744027459836,0.896118391453109
"62",1.65060699902798,1.19748257653176,0.721547777289737,0.385110210546972,0.0461957667341017,-0.137847358093752,-0.341838153560134,-0.625517663958598,-1.08470637760302,-0.925289014235485,-0.640376184107653,-0.484768880754442,-0.326208137795857,-0.188191731085031,-0.186561773798649,-0.301051650266761,-0.44062609931831,-0.578926904263835,-0.738800418440503,-0.611724544233373,-0.448344016857757,-0.373530930390543,-0.214187812340147,-0.0464674538599346,0.263641710347006,0.276671271159227,0.292803471820662,0.538666465817171,0.961065805502925,1.35872378709902,1.03765776212712
"63",1.53282432694719,1.15124373787606,0.715311148283865,0.401759395935733,0.0930385629597306,-0.11909145333617,-0.356579014896023,-0.639731852089503,-1.08061860130811,-0.912866281488154,-0.625102241229076,-0.46351474578033,-0.291554069987666,-0.145554247433071,-0.129816565983308,-0.253196007426251,-0.388809323788775,-0.549669136635604,-0.720207967756186,-0.612822907625229,-0.453392939111924,-0.388056190867091,-0.243958821856282,-0.0756880187389176,0.260206612384062,0.256484677095927,0.260180845045917,0.398231641008547,0.762884340290689,1.29369693491481,1.3607883200917
"64",1.38237900917942,1.05254829236116,0.687851181504593,0.407924725299167,0.121695790873694,-0.0868707690572968,-0.342939644895653,-0.641155934488593,-1.07645736588008,-0.904230826959661,-0.610179227889204,-0.434636734625507,-0.243640261852411,-0.0803466110924062,-0.0479918543837028,-0.183088148961468,-0.329968852245232,-0.505534510422158,-0.672625359416261,-0.585296346280279,-0.424794024600866,-0.361662912875421,-0.22640076021478,-0.0575429244449401,0.309425068886286,0.304372858864675,0.292223545965799,0.331632528913286,0.559010173765619,1.05794003417229,1.34637915138765
"65",1.25504798491289,0.935311355925655,0.619837132733981,0.40212488340323,0.147751121399052,-0.0633274218168463,-0.308121908108405,-0.613166034837049,-1.06548090807513,-0.90114940336557,-0.603788144720199,-0.413723087187737,-0.19819084808601,-0.0126337266305973,0.0434180632053423,-0.101219574887698,-0.265200561335687,-0.469404380997326,-0.628449147860479,-0.551923060751767,-0.391228993096586,-0.325557960071143,-0.192534861135616,-0.0193847954882231,0.374467814161093,0.379952251652875,0.366778877981996,0.34037382521473,0.420356633265218,0.750232765802762,1.12751678672257
"66",1.16099101514578,0.846567098116703,0.539301028605194,0.363037607629468,0.166826870640645,-0.0340320964769072,-0.276143186159196,-0.566825232552708,-1.03121320233654,-0.894965307994516,-0.60450011497343,-0.407394927734206,-0.168553921613266,0.0424702293298545,0.123901673839682,-0.0253196183070312,-0.20015390284091,-0.442168989756844,-0.614382687429562,-0.550695139919136,-0.376416691946778,-0.30691075528588,-0.170622499850812,0.0123031398506928,0.436460564767249,0.450570889591381,0.447109623899076,0.419159100341271,0.391620801269383,0.507927291844237,0.800281553327478
"67",1.08398250625924,0.785048612165572,0.483365005743284,0.311926643203094,0.15499809312829,-0.00803354375124822,-0.234827273550241,-0.5305302878812,-0.981630876570201,-0.862140486268631,-0.596888963540163,-0.405886626765761,-0.151603741932721,0.0841636896073729,0.191957274175626,0.0410706753713052,-0.146207347579981,-0.428095962939519,-0.624369473840829,-0.59745839518832,-0.40806171583651,-0.323413498581786,-0.182551037748358,0.0135272098881351,0.472805467624048,0.499138772331811,0.502980169283324,0.496084729969689,0.453265515035216,0.422898651717095,0.521723790069201
"68",1.01753520181659,0.73123286265291,0.44570750153674,0.279769035048484,0.129386848626845,-0.0146853999199454,-0.19922126657361,-0.498676836991452,-0.945155366342925,-0.810169613157428,-0.557083454737824,-0.391710934466888,-0.135859327993186,0.116474754376015,0.248055258894572,0.0979818917348195,-0.0954363188137106,-0.413584742341991,-0.635080448921441,-0.655073326559531,-0.476966979043321,-0.387284943679261,-0.233101627940928,-0.0243374580245448,0.475922162592082,0.517233139771921,0.531472889044938,0.533354895202386,0.509857685714643,0.46369320223176,0.411988084510446
"69",0.949440327168148,0.672255528342701,0.403472260685455,0.256864331908476,0.115091822202146,-0.0435428425948692,-0.204592966831549,-0.479136310761841,-0.907795549445187,-0.762167252352979,-0.489438907284302,-0.336685105100108,-0.0970048065482608,0.157358529084844,0.305986647073952,0.155089714298011,-0.0437462879989232,-0.394940274922813,-0.635892070304989,-0.698473916742891,-0.54269883621327,-0.479120284930626,-0.320766899300143,-0.0893898116065709,0.453876572078984,0.510861853745224,0.539108519735433,0.553063264392801,0.537093736018166,0.510248938672819,0.440199114240495
"70",0.864345522195224,0.602023862061385,0.349477290299851,0.223715750597113,0.104191636373818,-0.0683663902564486,-0.239188437231496,-0.496784302593188,-0.874639000229187,-0.706099752202238,-0.418801315336174,-0.245911983142389,-0.00972483585290232,0.228619146864106,0.381300584549353,0.223274043887629,0.0155206342492568,-0.365368663055029,-0.619482231059242,-0.719776486463924,-0.583468089871128,-0.558383980978014,-0.429155072212354,-0.184705225963085,0.415428823167495,0.486288618615811,0.528791575323388,0.55853919676146,0.553371049076602,0.534419533837485,0.481819088920882
"71",0.751304375673447,0.517743561769064,0.285278771967991,0.17685564104941,0.0815132827715946,-0.0952341768847872,-0.274941588450662,-0.52723582731201,-0.866956885342898,-0.648188512447183,-0.335466572185501,-0.148491268150433,0.116013778853656,0.350224774205049,0.489178535768796,0.311208883178516,0.0924984098730003,-0.32257495215058,-0.58225632059524,-0.719227180780229,-0.601823598718151,-0.612363252132099,-0.527177989041554,-0.304430968459952,0.34865841657518,0.441792730177461,0.49622988721811,0.542342935658071,0.551557723860764,0.543820775620379,0.495617750996832
"72",0.617746221971256,0.406903259648972,0.207202641927361,0.117948899049985,0.0445835633510407,-0.138369991470875,-0.315430386007323,-0.53282161530166,-0.863721905940045,-0.613495624457296,-0.248204828131062,-0.0360424639169496,0.252425545195535,0.514749901075404,0.651152193205999,0.438081355697296,0.191994720493228,-0.268567052720921,-0.530242272278558,-0.703009119235392,-0.606426274193788,-0.647272657834828,-0.603125064697243,-0.417903351045555,0.256513926117961,0.362195794108128,0.437731074532364,0.498684629319884,0.523289844961368,0.530604860671116,0.489521695655754
"73",0.478707030698748,0.283336047616292,0.108401067722465,0.0467343108596694,0.000348686586702672,-0.195470292290034,-0.370487250534976,-0.5182557940529,-0.835206337292602,-0.59067969005503,-0.19274119822583,0.0732601450794808,0.397637446703997,0.685131086307242,0.852075599230333,0.618483315191626,0.328091563081421,-0.198928857979984,-0.461630536623846,-0.677845515150071,-0.602541685643382,-0.667596850011778,-0.659785451931194,-0.510577805262275,0.171258368693445,0.255103858987484,0.341584689231224,0.428644969600459,0.466742456422175,0.490574174992613,0.460747239415375
"74",0.317120537525169,0.166232359989747,0.00635786787193307,-0.0373691054755537,-0.0448775190077651,-0.252991865261319,-0.428881025981895,-0.502106332183671,-0.789629407947136,-0.553558086088609,-0.159203365417851,0.141238658885532,0.533126067564223,0.860112690282296,1.0558014840421,0.83652896766178,0.515873673785936,-0.103111072174169,-0.373126027848301,-0.647865141327719,-0.597690859333334,-0.680044015546924,-0.703379471644358,-0.585107033092694,0.107458978171598,0.15551837872023,0.217827061180562,0.322244724399645,0.384892209149934,0.423890456271661,0.405827279679264
"75",0.140021134984478,0.0403541922502355,-0.0758842568424482,-0.108953425211769,-0.0838981400658858,-0.294270684341255,-0.4686843313534,-0.497236622189304,-0.753069154510602,-0.514548441423095,-0.125033292913925,0.173783347737485,0.616371971717467,1.01616824830681,1.25726903290284,1.04915596691493,0.731719875725115,0.0377902798294346,-0.260627656417134,-0.611528473463441,-0.591421687839517,-0.692454040176107,-0.74041184149942,-0.646187953004031,0.0633072110926383,0.0803035526371119,0.105483444138303,0.19304147905848,0.270703971197829,0.336249015776978,0.328540357139402
"76",-0.0118025736994056,-0.0873464080623524,-0.151854986329637,-0.144952078449714,-0.0955822135016479,-0.315948636354972,-0.478613067197575,-0.51251036571857,-0.739424724565972,-0.498222088122903,-0.105726698559388,0.192081363539553,0.651058575532181,1.10597663759345,1.42623579116809,1.24366680905713,0.932311682654981,0.208012598879163,-0.110546878265756,-0.560777443151396,-0.571328535586353,-0.703890708128373,-0.779168228544081,-0.699831817604001,0.0359359957807567,0.0308969745095596,0.0247745402306168,0.0814524765275439,0.139544720161419,0.222287616070885,0.235733384889865
"77",-0.152213951180866,-0.185770365438417,-0.220743316954158,-0.161185992399401,-0.0635647501829935,-0.300469706253032,-0.460833417627594,-0.553891025993558,-0.748559625044673,-0.506639958893832,-0.115513744727446,0.194710218797915,0.670733718616397,1.14583752590584,1.53002741427405,1.4017547685984,1.11016994552982,0.359856564750341,0.0501674770848086,-0.476350575646286,-0.522123454532196,-0.704913168100463,-0.821162964814073,-0.75639267175959,0.0166871442950077,0.000799020732290402,-0.0264071904291042,0.00395142301200079,0.0300790379632929,0.0946220170265202,0.118991373473879
"78",-0.288837961079765,-0.270787810413431,-0.255370392160768,-0.162294726563918,-0.0120052086240555,-0.241451982317128,-0.410153718335792,-0.621717127303545,-0.775576548210673,-0.527830559798494,-0.145892017796344,0.176170453624994,0.6799129401981,1.17308497489267,1.58647220086966,1.48992232497488,1.24937350583286,0.495325327524082,0.173921538081014,-0.378846286721903,-0.419383488785058,-0.680966969624748,-0.858219056882988,-0.819850202494773,-0.00683688550733204,-0.0227372807734757,-0.059488667459333,-0.0471327499612179,-0.0470192589333678,-0.0138435332755424,-0.0138499112049171
"79",-0.424375166107155,-0.36445272909084,-0.288495231536162,-0.143217819898547,0.0319526470050375,-0.185847281871085,-0.341783263460658,-0.678485948167095,-0.804211377811535,-0.540234798908847,-0.168151214320853,0.160510341215677,0.687619466345932,1.20632062713992,1.64590534275931,1.54282182630005,1.33194150375706,0.60741049823685,0.278251371551977,-0.306388868629565,-0.291025571723854,-0.611994833752352,-0.879681229775477,-0.887159267176125,-0.0446582805286364,-0.0595219012865503,-0.0955279688352827,-0.0921702482161708,-0.108751083265523,-0.101026756717814,-0.137885634273208
"80",-0.577053103245422,-0.477634003524532,-0.351159954817046,-0.148099737890635,0.0631579167866504,-0.167108780720087,-0.309981595472902,-0.685787059126107,-0.794922424707984,-0.52550764927877,-0.155580509515589,0.179659877435833,0.722248358791761,1.2602336259407,1.73155359626407,1.62122241278489,1.3984006970845,0.680517530770559,0.371740705663162,-0.232253100406938,-0.19362318286418,-0.526712497021665,-0.863789996304824,-0.947246203408599,-0.0952907732591425,-0.121060452701689,-0.156801876510522,-0.153550071093461,-0.176741511727858,-0.185704708408431,-0.25423151877367
"81",-0.763321859985011,-0.624845690910398,-0.456640911863241,-0.212325084297453,0.0353702993012934,-0.192796336426207,-0.349956408295553,-0.637688278565392,-0.711825495043012,-0.449486717058177,-0.0942418884051781,0.254030431905817,0.807947421149765,1.35551416337744,1.85007042521513,1.74104834342433,1.51454998422967,0.767217151694473,0.450957660787949,-0.143688963043348,-0.12174764579704,-0.47763433067064,-0.835325587204924,-0.978171313460237,-0.149392103044714,-0.207049934667085,-0.254606491385482,-0.252344239507871,-0.274251348150203,-0.29139226728267,-0.384263004363621
"82",-0.985397467080305,-0.818189348249518,-0.615308629124342,-0.343447466419365,-0.0727816478257728,-0.2915812386295,-0.448576988091012,-0.530875928807894,-0.567791056645319,-0.296509715797371,0.0331675354545489,0.381116552754801,0.950332042916311,1.50461996505509,2.0129712148635,1.90470155089507,1.69000157607141,0.921440896780908,0.564207178574807,-0.056671332004931,-0.0881590948104207,-0.456065059131978,-0.843518678573391,-0.999786375715998,-0.18456467075001,-0.303919487862837,-0.383365157733915,-0.394015991233751,-0.415908394159337,-0.433135883787478,-0.543584266027402
"83",-1.21433235814074,-1.03226473500785,-0.808995415178337,-0.518229151214091,-0.23228001457052,-0.444425771768205,-0.594146593705868,-0.372226430681993,-0.394342838648385,-0.115995556625099,0.205062085454551,0.541014333203856,1.11314810916349,1.67851638223708,2.19905711679294,2.09316266886329,1.8962140003589,1.12893010132906,0.743435030071083,0.049941401565314,-0.11878580119377,-0.46114941736948,-0.865384683417884,-1.04723461042373,-0.206044100277748,-0.373197664850265,-0.512985603694402,-0.554926427544092,-0.588128364666249,-0.606259744632998,-0.727873181915224
"84",-1.41738611023293,-1.22169927448841,-0.993508523141724,-0.695530592701594,-0.395584590943039,-0.597726646188533,-0.742020260223571,-0.22226231781303,-0.213674319926631,0.0444351197722473,0.355596170514069,0.696784843948998,1.25873742036877,1.8246555094416,2.36414131728903,2.26832518934521,2.0943248204789,1.33964553549368,0.950043321747893,0.190624569139206,-0.1661672247542,-0.513499957539274,-0.893530085289184,-1.08986004392997,-0.236637826476754,-0.40852102256974,-0.592696224523996,-0.693678465263574,-0.756365745180829,-0.786225382766585,-0.919091643340824
"85",-1.55770101998518,-1.33562761585911,-1.10009847426432,-0.801667621734307,-0.491132165804104,-0.674958172114245,-0.808540867175323,-0.153621659041284,-0.105302962459038,0.144670925797747,0.419759226043309,0.766232208758382,1.33393035781963,1.89014681467284,2.44096960073727,2.3699237932654,2.22556397082144,1.49222367734529,1.10553249661708,0.310321203496244,-0.161109746817339,-0.558685264461294,-0.945031709797826,-1.11219934427326,-0.239179470250904,-0.421658016606744,-0.604312803343751,-0.746751920105737,-0.864473139380687,-0.922164482842058,-1.07501893545572
"86",-1.59021190626474,-1.34178821005838,-1.08240191370521,-0.775242070944779,-0.458924825467207,-0.624256111256769,-0.738309244208984,-0.200794075264486,-0.118013313005925,0.129952800734566,0.379395556437921,0.704219343036151,1.27536566920212,1.83683984328114,2.38842023511379,2.33608994467554,2.23088102802633,1.52738456104514,1.14069682734688,0.324543376606517,-0.0827110776201605,-0.525781204771092,-0.967120781615129,-1.13251900028364,-0.200197066076104,-0.37543604426362,-0.561587389675536,-0.700314459065878,-0.853928923783369,-0.962729721777229,-1.14715242803409
"87",-1.50688268599395,-1.23801285267662,-0.948153168677608,-0.610429582996466,-0.2847299381272,-0.436950560708888,-0.530893042211675,-0.361944432746959,-0.245883146264748,-0.00366144914130285,0.226053129947602,0.539357616597353,1.08562811196553,1.6485744335537,2.21317053064694,2.1702363248246,2.08754877738847,1.42419652209427,1.03669670143736,0.212112141195513,0.0445350854196088,-0.416286404951732,-0.908737315213207,-1.11607099362918,-0.153881767409087,-0.280729181877982,-0.453944448114859,-0.593765076812084,-0.737962259839757,-0.87793170635668,-1.11026500412835
"88",-1.34081656948215,-1.05175683757529,-0.731648827633379,-0.354035748836961,-0.0064372807986206,-0.143077871157849,-0.224582026547458,-0.603871076081324,-0.453000842196323,-0.212611114598781,-0.00610246860433192,0.299651068780041,0.827659288048627,1.36388610197119,1.93581659854276,1.91314605269918,1.83930994620747,1.20325232139477,0.819346586273066,0.00397869171292113,0.198525584043562,-0.272589474314712,-0.787590944243959,-1.02925662742509,-0.0870258184497903,-0.188341634240618,-0.312121574052554,-0.43879674469277,-0.577323742654104,-0.705076901088512,-0.96162452558766
"89",-1.1718912575144,-0.86579969161538,-0.514398751310854,-0.102112918178874,0.266120952276867,0.155185345480789,0.0852947049900847,-0.838381487123341,-0.657232863781383,-0.410375523576513,-0.222804017977832,0.0706986846290783,0.581719332085409,1.09653246884226,1.64718275293144,1.6408548429931,1.58373995371564,0.966576347765686,0.57154643176247,-0.216515716152546,0.339263892416556,-0.135600611301764,-0.665177966542017,-0.912403951254924,1.06491395920604e-05,-0.112517399602792,-0.211568108503289,-0.292856578890322,-0.413717933251871,-0.533482124124429,-0.772300991918494
"90",-1.08175868658024,-0.763973712309466,-0.386878804715322,0.0531433264768784,0.43324639777715,0.348049282750948,0.299730843182727,-0.989136699665881,-0.781966363533681,-0.528255760776302,-0.348368785095083,-0.062079538901027,0.427583740355071,0.924269385626033,1.46002128004249,1.45230983370084,1.42333854411218,0.849473500834607,0.449392469050623,-0.322448400700262,0.408082657015498,-0.0560184921418536,-0.588128100104884,-0.836806253492801,0.0493373391918176,-0.0698261524182918,-0.178225480283582,-0.238350443266239,-0.31228948125253,-0.414344796675223,-0.640719004156242
