"","1990","1991","1992","1993","1994","1995","1996","1997","1998","1999","2000","2001","2002","2003","2004","2005","2006","2007","2008"
"0",1.15872536478492,0.897460005251903,0.343509705217661,-0.378423369157075,-0.968761216166566,-1.31504458932802,-1.60460043427274,-1.26143257964614,-1.04326697247154,-0.58779907994993,-0.523875839494455,0.119240644818647,0.76527455528004,1.47273226418901,1.45763957828593,2.00982839913191,NA,NA,NA
"1",8.87337410941403,6.44802863818486,4.48358633582925,2.88468270365398,1.86046929933585,0.988800592404221,0.373656914928969,0.47589370928388,-1.27669286812791,-1.87141068362296,-3.17376839734088,-3.65135324929315,-4.47850265832773,-4.94728350206682,-5.87873295208801,-5.24135912507685,-5.11412685424475,NA,NA
"2",6.89410432039941,3.9750906611891,2.28768526606219,1.32291201676755,0.684740456529868,0.210542817486906,0.0121984636724762,0.279408986729161,-0.902810957420894,-1.26970591354012,-2.00774355040517,-2.32046932693372,-2.40342171158119,-2.59223122963991,-3.07396483834132,-2.62117682158098,-1.82410001334428,-1.70354355232892,NA
"3",4.89462464350084,3.02081005101719,0.741928166607156,-0.321379288355274,-0.832307303962398,-1.06849643843095,-0.922351026702357,-0.187719504995386,-1.14250374015547,-1.09338252447734,-1.28759410539173,-1.33656758614879,-1.25182950817618,-0.924651917597229,-1.05822538241169,-0.564375047587292,0.0387492262880517,0.735745856191839,1.08915526196211
"4",3.20102051105601,2.09393722822519,0.507062572045672,-1.29890758775938,-2.21593554984677,-2.341718409762,-1.98458562049582,-0.858528564595275,-1.54545564653351,-1.1394192499387,-0.909956856938412,-0.632846913563582,-0.265940067276921,0.118721301676852,0.455822121757901,0.964647225401646,1.64073438951575,2.0856069964409,2.94239054284782
"5",1.8959515369971,1.3092671617584,0.215442661269887,-1.12351189366876,-2.93570354472699,-3.3666457556415,-2.92173556399211,-1.54547258536447,-2.07031559952495,-1.26634264351867,-0.748095580606331,-0.222586162992253,0.472987554308205,1.01238727804032,1.38070791885363,2.05458477200348,2.74301019730896,3.21148684723101,3.83548849407678
"6",0.979299472889646,0.715421873993682,-0.0533549429811354,-1.03587547543749,-2.58194795140351,-3.75453193731768,-3.6031627043502,-2.10905584541012,-2.59747408493351,-1.54611859952402,-0.721689696364385,-0.0599908973455359,0.860440081779053,1.59051588425774,2.05526649136686,2.55020046768078,3.35989781872499,3.81067906238147,4.42146259500961
"7",0.463798688322079,0.375786662089644,-0.196272188850534,-0.934705457299769,-2.2358781269151,-3.13901746841562,-3.68576603705176,-2.45124248597727,-2.99992953364537,-1.87386671586863,-0.885503269184331,-0.0572586575168616,0.948973581733273,1.77474291773317,2.35564752915082,2.78886241355571,3.40671227069864,3.95187347140244,4.52324432242077
"8",0.290250878599056,0.271182804564159,-0.185799756818946,-0.775222762803961,-1.87197755380087,-2.56036704540831,-2.90624429796085,-2.35829005448009,-3.22823278397033,-2.16295429286406,-1.15751156638768,-0.262495396741426,0.83846275606685,1.66040398874104,2.28124034368111,2.72465719970426,3.25831042911934,3.6158484030644,4.27291697110642
"9",0.379192260738132,0.359314692439569,-0.0395478544278357,-0.542610986529494,-1.48299409200768,-2.02796464029582,-2.22913931617885,-1.59783139445507,-3.0706508189027,-2.37366657001299,-1.45908189317497,-0.595415697039995,0.504564912388885,1.36689205880615,1.94713391984036,2.38546247222182,2.90691271986404,3.190393030867,3.65872657645575
"10",0.606527253234766,0.555519747834995,0.178795725653387,-0.285611923523818,-1.10747577553707,-1.56827081929975,-1.69258636404161,-1.0636727925547,-2.30948496302563,-2.30519089590888,-1.7470295150557,-0.978302961046356,0.0448718054586303,0.896870443570978,1.50280582296182,1.91148051422292,2.41223022871236,2.70335009558541,3.09551616344164
"11",0.875773264360088,0.783597923616338,0.41611468361658,-0.0356541823363792,-0.775862483246799,-1.18915314698048,-1.28765017574105,-0.722526183767985,-1.73024320452797,-1.68473017044471,-1.79333320852545,-1.3569666509927,-0.449609534200028,0.352035341230366,0.96056641467521,1.43165748968422,1.89842817019778,2.19791122369815,2.59042793186895
"12",1.11729692718054,0.98439433971162,0.61948851051019,0.173833321502276,-0.510813908089119,-0.898252697619078,-0.99370999362934,-0.50131402086559,-1.32119779196573,-1.22315400157037,-1.28669719925698,-1.49079510297015,-0.92139907405411,-0.196291743226556,0.383836338983932,0.912407216437433,1.44740880689699,1.74794972136696,2.14431056842027
"13",1.26108438773669,1.10638269405069,0.747090596922643,0.308084465162537,-0.330765837629598,-0.70103024580108,-0.802495471689964,-0.375867283462736,-1.04573605714932,-0.898917085943982,-0.897130215062715,-1.03471942608649,-1.11804808414411,-0.690231720602451,-0.160746255581998,0.402680239973502,1.00590785074156,1.41017980766467,1.808556193035
"14",1.28653874026029,1.13157185269831,0.78829296426333,0.366369856110877,-0.233490211654573,-0.580655597121819,-0.693641420046034,-0.335928627948519,-0.866443106962805,-0.672112386671189,-0.606052080463265,-0.651230466721923,-0.659414582957083,-0.883432969348869,-0.649178149363994,-0.0834342031239611,0.569764422492517,1.08279629284897,1.58687097267211
"15",1.1791508651676,1.04551673061173,0.739757777735538,0.345017956224186,-0.214547803386163,-0.537536149612637,-0.653468055040192,-0.350892647529746,-0.753816438464084,-0.506782843553838,-0.381987101610029,-0.331491007480175,-0.232488248718152,-0.362351730050801,-0.821349684035345,-0.520426340601826,0.145534356948841,0.733567605982547,1.35646474201543
"16",0.984667303688451,0.883443806828336,0.624184977356463,0.270804052828937,-0.254860640488284,-0.548958663334297,-0.659082605486048,-0.394205160930301,-0.688513582492418,-0.39101319095003,-0.214993038799584,-0.0804599659232156,0.12666608350462,0.11875785773279,-0.247724648723535,-0.668654980646078,-0.288478407235124,0.30316361241675,1.02587239950172
"17",0.773720151559444,0.707901379572088,0.485931668502368,0.172596697099799,-0.318842384705785,-0.584560918462698,-0.689256878353638,-0.450033575006505,-0.65784281204203,-0.319916330036232,-0.107253666129316,0.0912437101194883,0.383805052935442,0.487881572115371,0.234904347710641,-0.069846454574373,-0.466566289142948,-0.231556670554742,0.49920002751161
"18",0.593563265887773,0.56592484750086,0.374166480986757,0.0826831942377502,-0.3849538442244,-0.628615418844155,-0.73355897590772,-0.516322025053086,-0.663026142390056,-0.295109897517045,-0.068179349525152,0.167074859348723,0.52134978055475,0.706267170693978,0.548884446537507,0.377088318519786,0.0963375858706892,-0.531179741280018,-0.226342326817436
"19",0.49520856365107,0.488939844646494,0.316187929436988,0.0328448782663372,-0.441511749281897,-0.669647099847227,-0.780518215411655,-0.599759999205328,-0.710172688030894,-0.327399585381911,-0.100950898527765,0.138489314924269,0.519794292290331,0.750382629665875,0.650152212048512,0.587224355344195,0.439405740372108,-0.058326438993135,-0.715055487190188
"20",0.490466805081135,0.482422324628033,0.309693474432685,0.0280013847278111,-0.464476695173947,-0.703252603709445,-0.824997225150791,-0.674259445757755,-0.774426640843164,-0.396033484633409,-0.182452617365065,0.0423819617946651,0.421368958316636,0.660595780017231,0.587222545326355,0.588799894264161,0.54832014298568,0.198956977566052,-0.321624387429006
"21",0.595379421741577,0.567838691826659,0.378253812682384,0.0835563571033439,-0.424119249577106,-0.675807934414087,-0.823258369997754,-0.701432273763822,-0.79958245050409,-0.436221542299857,-0.246386952637665,-0.0467275213403794,0.31404215907258,0.537307861995279,0.461386212893017,0.490404174284133,0.513491532305231,0.278950566193549,-0.0789828668164104
"22",0.745498923712024,0.691941802014254,0.475461229852381,0.161575373609808,-0.364662870200316,-0.623101836255163,-0.788417743620916,-0.700025799561178,-0.797859809522041,-0.447489845082265,-0.281091692877033,-0.110686141403328,0.225902134482615,0.422246362840912,0.326960908005847,0.352390333511326,0.402954832688693,0.249662219562852,0.00333931110221804
"23",0.873457067439868,0.795362855733136,0.555425466206584,0.220694756135494,-0.320475095045527,-0.582543775443009,-0.749373996026631,-0.675680436742945,-0.785840690420905,-0.441585482003572,-0.285872930228505,-0.141730063343084,0.171921552690569,0.342747536885405,0.228937868047586,0.230924130900926,0.281711811647462,0.175265254315831,0.0137103616969728
"24",0.949815145758074,0.856502436360152,0.602040502130708,0.254884447038319,-0.297191859915151,-0.56623725133376,-0.729089729792371,-0.647781521593938,-0.763492930086059,-0.431453094918781,-0.272208555272524,-0.136558381937523,0.153486223997192,0.303830384265375,0.175957811559141,0.15321217693456,0.186936810468987,0.104681041309914,-0.0124674163358575
"25",0.96041829278923,0.870943784056476,0.611981116465642,0.259577769369031,-0.293833930667426,-0.573248455520909,-0.73187774703596,-0.636026869175093,-0.745245326177418,-0.413788390158476,-0.253982422936759,-0.114486640669623,0.171110089238384,0.305300468035107,0.167774170849126,0.125832903357997,0.137524024709537,0.0611289412650931,-0.0273684167642491
"26",0.930645648780704,0.844927821934246,0.599934300065095,0.247687096295662,-0.301300781394568,-0.589320729227398,-0.748904486271097,-0.640597475839787,-0.744554006457296,-0.401365746954674,-0.228888518696442,-0.0866262908238336,0.204167070405493,0.3367218351961,0.194853189541773,0.13569843490324,0.129839305392775,0.0392465742519879,-0.0308151434067615
"27",0.890017752460195,0.80893448603272,0.572901098453621,0.233163906396172,-0.311538306698831,-0.607761883659044,-0.768002312703652,-0.656863761843882,-0.761017215915617,-0.404349408550921,-0.210314272748127,-0.0570108379585089,0.234600610491082,0.378087424386301,0.241599205235783,0.168512717645684,0.147205649567078,0.0470755610334981,-0.0399188575779812
"28",0.854270496361766,0.776653741358398,0.546476635072418,0.213188272610745,-0.319602064911657,-0.623345514918458,-0.788476717145142,-0.674170002171803,-0.787941184472482,-0.425200375749548,-0.213452277460011,-0.0392722102173273,0.263866578355532,0.408987676356379,0.285444664806521,0.213676412397102,0.176949567508408,0.0783583479319679,-0.027149678400906
"29",0.825225981964733,0.760059944401242,0.533123913399777,0.200392714903,-0.328945043719402,-0.63091759940782,-0.802571002585847,-0.688517101835846,-0.815363129993707,-0.455331957000476,-0.235921088168474,-0.0454710686273926,0.27830667693187,0.435619417347289,0.314073639078691,0.249264535127675,0.213668748550201,0.113252837560713,0.00918077394689329
"30",0.800839688736214,0.751327377902794,0.533668615174681,0.199718326270492,-0.332665925675609,-0.638126688165394,-0.805854143024368,-0.692263365340078,-0.836477162660633,-0.483620472973685,-0.267921141616971,-0.0680666607954607,0.271015639025074,0.44956516218991,0.335841298678173,0.27334059994748,0.245729423042787,0.141670398558083,0.0564685433110052
"31",0.805328430128721,0.743845118754759,0.535336845287271,0.207028391268836,-0.331492750746292,-0.640119434429349,-0.806587368024327,-0.686020369507566,-0.84964265032243,-0.506673326766043,-0.296509583814516,-0.0992203097528556,0.246419396145438,0.439291548865926,0.346346536663589,0.295430441863512,0.267832833301763,0.18624774770024,0.0776306660405049
"32",0.791305705865572,0.753894939894069,0.529026663336499,0.21126129627565,-0.326074684638752,-0.639101256780861,-0.808738726702074,-0.681500431559696,-0.853990648157702,-0.522412314695354,-0.323011496528704,-0.132252947248344,0.211140593055636,0.411092136380955,0.331629353978101,0.302723994243306,0.287443830690891,0.254142784063715,0.138049325814163
"33",0.760931029225682,0.742902424832847,0.537690244354024,0.20454351277397,-0.326004011909239,-0.632754812100719,-0.803597072999924,-0.672588748983882,-0.858046640811258,-0.524364201934145,-0.337989995221439,-0.158052742876896,0.18117873110414,0.37942359118134,0.30437662512639,0.291452214472736,0.300484258913325,0.283338716611789,0.263774682585236
"34",0.762470174587573,0.718228920758991,0.529882999648189,0.220859118819206,-0.32765812765535,-0.623684020802423,-0.789122568071639,-0.652076751620728,-0.851773572639136,-0.521921507393667,-0.334216754898596,-0.167248479214047,0.162803244027939,0.356126230463523,0.28234624717273,0.273541806877024,0.299755388581754,0.287550118509964,0.31041808751801
"35",0.755169591638031,0.720565449209061,0.504567048532681,0.214277417277184,-0.311770967050923,-0.621032809844015,-0.773914502198092,-0.627870689743623,-0.83840827874885,-0.512183171476532,-0.32735385113787,-0.159407554840325,0.15813372724366,0.341541006424924,0.268017324754225,0.256295268933537,0.28834672193503,0.302122428955076,0.299428856069789
"36",0.754627598780532,0.711022792539864,0.502223957190289,0.189099595164044,-0.317438691413488,-0.605450011982381,-0.769876300993515,-0.609438496030162,-0.826512995224402,-0.504424558204496,-0.320335827930537,-0.156538059100796,0.161881666820156,0.334668682669415,0.256307718976886,0.238294558396893,0.267927701884209,0.310819841579,0.321470014964666
"37",0.7719461794771,0.71107839069706,0.494785016748393,0.191988381805627,-0.336583451781816,-0.606943564158237,-0.750871393951636,-0.605241994353604,-0.819453591980154,-0.498114184504234,-0.316227026466185,-0.155971918213688,0.161135675838254,0.335905637893875,0.250862554818603,0.22113615090318,0.24495238357073,0.297795717169523,0.34644627772318
"38",0.787753224272485,0.731598808893608,0.501372733038214,0.193162222670576,-0.322988017053585,-0.624247688394836,-0.750659317864864,-0.587271233673656,-0.819349563342324,-0.495095309915403,-0.310340911043746,-0.153860349284837,0.158675631284097,0.332166634335915,0.256521946772746,0.212880497745048,0.223715634785649,0.259638924220529,0.342795545205777
"39",0.809102954884453,0.756453269311169,0.534971665747763,0.214722295912906,-0.304860771793247,-0.603918708316096,-0.766743415443705,-0.596189219741393,-0.807856540653414,-0.50520477313905,-0.31347361826691,-0.157041111519264,0.153325814294579,0.32386971452551,0.258044583826463,0.213705914276085,0.210187096655675,0.224673890845429,0.285925881020299
"40",0.847647823774764,0.777351007142638,0.563937505114126,0.253977912998036,-0.276348095704138,-0.592115679806514,-0.753541732884317,-0.627712447230351,-0.824640882581906,-0.508322053680352,-0.330887941085707,-0.1656999214453,0.140257406078155,0.312698806120229,0.254068243184357,0.208200974671871,0.204948708150518,0.197646802472243,0.239167802989817
"41",0.905779238614868,0.810972261218021,0.585843128909912,0.284762092646831,-0.232406598499389,-0.572065276145023,-0.752515836601901,-0.633962537806571,-0.865346258848277,-0.53997795121667,-0.340371585681275,-0.190697397653346,0.123089910443265,0.296508441108106,0.251443291228758,0.204494243622162,0.19928905225845,0.171402223575262,0.203866381428842
"42",0.950818932910653,0.868427096881332,0.617382977291509,0.305399787345981,-0.200913891645334,-0.537273225956562,-0.748285057037087,-0.655239610770487,-0.884292511757872,-0.597242451581948,-0.37918357228783,-0.204677504886262,0.0950904060400243,0.279699513013636,0.244787459738289,0.203010881272163,0.198052527394173,0.184963019113792,0.16051014940098
"43",0.960659122607222,0.893827643720265,0.65839208412316,0.316754948740843,-0.196822610513359,-0.527151266112654,-0.732834516968274,-0.668691057571144,-0.912049441087013,-0.623057780730936,-0.437426092712076,-0.24220859764328,0.0849778702146713,0.263009598565182,0.246131460550268,0.205327579523015,0.206495318708752,0.203574548623974,0.20054219275333
"44",0.97183977245793,0.888718694672042,0.676094278785327,0.352859646457618,-0.191647905141316,-0.528880622167483,-0.734182482657683,-0.666667390078313,-0.930233809712308,-0.652390914311689,-0.460003329104109,-0.294538645422447,0.056133729264797,0.266230588194381,0.246965063505654,0.219019440436797,0.221830354127815,0.209995549441775,0.247854734247639
"45",0.970914398748754,0.876088501100905,0.646674598118746,0.356386780646918,-0.165502078477913,-0.528724809075562,-0.742933207747271,-0.668394848878933,-0.920652812667717,-0.658323565379735,-0.476569872866853,-0.302232717240576,0.0193774870566587,0.257686837225272,0.272008916683194,0.240583628401087,0.256775391079979,0.209425079574672,0.259369356763351
"46",0.94894282416414,0.852929076235387,0.611541002098056,0.313875113248049,-0.162322395347016,-0.501948388401606,-0.735956663626828,-0.671124783806362,-0.909786635532107,-0.634000200271424,-0.471669932251041,-0.305004591720415,0.0232840519935881,0.235036821364782,0.277919202426651,0.283201243761199,0.2981428451942,0.214218973924305,0.240716732732686
"47",0.899622684219222,0.81565552123083,0.575458200567043,0.276082580645748,-0.192984516223103,-0.488392513162482,-0.700841929534273,-0.657876006636549,-0.896544824091287,-0.610038607481535,-0.442390849098473,-0.292226785134969,0.025530689897654,0.244524527558534,0.255580261886126,0.297247890922407,0.349787018254828,0.247984808829854,0.210449580083186
"48",0.809522152350109,0.745977624207128,0.524688991276386,0.237982803574553,-0.217983517878141,-0.500694287586868,-0.672278309282411,-0.607489242480252,-0.846075527008195,-0.576518959934603,-0.407206191555563,-0.249126244020667,0.0450653431541246,0.255550185861803,0.267140396727241,0.286181114784279,0.377374254711017,0.219059359368888,0.239544688912267
"49",0.694203572369033,0.655946876047326,0.468084644119529,0.211550748608439,-0.214328761037079,-0.481013590264932,-0.656655254637041,-0.573137144697012,-0.766532620196253,-0.510638866238134,-0.371499151123335,-0.208890473357878,0.0829201665947958,0.271765859001837,0.270477740920847,0.302213512524699,0.370822304957936,0.285304955049881,0.114120522246036
"50",0.541242094906835,0.52411075798269,0.373640796428367,0.159134287161206,-0.217873787619852,-0.455740987752714,-0.626668135296012,-0.56078129900609,-0.724161681587367,-0.444819504394869,-0.322131822440255,-0.188151305795959,0.0950872937621626,0.285410427875431,0.258025622489676,0.291131817595169,0.37125108583309,0.40978394072887,0.200115281469786
"51",0.388954530699105,0.38873273288188,0.269129589663735,0.0990787595022523,-0.222426324906422,-0.422577897455225,-0.573958815890319,-0.520058085473856,-0.686656486417544,-0.424670704507935,-0.272765081141986,-0.146620676339968,0.0911795921740474,0.276749915530409,0.252888632431873,0.271879391271683,0.352166214280231,0.403563832205852,0.467999683444676
"52",0.285596774313321,0.301269673482386,0.204300815301684,0.0642977543659818,-0.204701571368685,-0.366666044713072,-0.504482933998748,-0.456289618296531,-0.619506402464616,-0.401844306251648,-0.273774349498777,-0.110650006557325,0.116085581534322,0.25893160817007,0.233295640880307,0.267195290863883,0.330328068344033,0.423314560830145,0.456814893053824
"53",0.219948764122269,0.245341014004116,0.164669811438083,0.0423440477591381,-0.199218549319121,-0.330649648456018,-0.441183968440181,-0.388638241946835,-0.550196255165601,-0.354460651938596,-0.280693942978894,-0.147500970174759,0.1158512269633,0.264495936431777,0.19832832320224,0.235355358600781,0.313035195470289,0.401502952658873,0.501158896802392
"54",0.222763945451361,0.251021524753309,0.174563536288503,0.0621440175846192,-0.169238329076,-0.29278682511869,-0.396543377816895,-0.334495292394305,-0.492987660144107,-0.30873454421751,-0.257465481132376,-0.179974824715457,0.0385016547920426,0.243809203419277,0.192425917468754,0.18993383768034,0.268872209172206,0.309248587151354,0.480491447970183
"55",0.268910325927878,0.29182898513665,0.212064474743807,0.0999737542603692,-0.131485077567648,-0.258999007433557,-0.366323545252528,-0.297456067749652,-0.452604042111691,-0.265678648774963,-0.225989589175184,-0.16914994902584,-0.012329740618967,0.147837067422332,0.172669728049008,0.181090952737542,0.216161967185657,0.262434670122047,0.313750843666311
"56",0.320488518874524,0.334777124652302,0.246473863272311,0.130311737878737,-0.108601140598949,-0.242264888304829,-0.351917120309218,-0.287140106982284,-0.437933000381662,-0.243198222566216,-0.201195600065195,-0.155235762417404,-0.0170017571109236,0.0773959639858657,0.074559640354967,0.14237495936637,0.1935874060119,0.244461602139319,0.255180054669605
"57",0.376213488439399,0.38105962134583,0.285453544340251,0.16343689896517,-0.0819957974248177,-0.221122004367567,-0.343628783791644,-0.28848152746058,-0.439764099260318,-0.233425191717939,-0.182851921322304,-0.134949905176701,-0.00580730707142624,0.06947272984167,0.00486428434785909,0.0276860644670258,0.14490664252419,0.154757178301662,0.287625689269687
"58",0.40973757288798,0.413114142020986,0.313682070315926,0.189397019638449,-0.0562700786774211,-0.197158397450529,-0.319019985473028,-0.271761886793726,-0.420709674062773,-0.211611820528897,-0.152585678535285,-0.0978021572986442,0.0329501740203971,0.0965304439504409,0.0132489909304707,-0.0332334663743378,0.0353793461094786,0.0642588742072018,0.146258724652888
"59",0.392085803991778,0.405670974378379,0.316187098965876,0.194412865731237,-0.041950379005429,-0.178209623633723,-0.308470877292752,-0.27033114062829,-0.405050764456674,-0.194680760180419,-0.137738899895435,-0.0744409915024111,0.0592414646850567,0.123935279426993,0.0293301738221157,-0.0397467549003531,-0.0427631947926392,0.143289842525846,-0.0151623380225356
"60",0.297825029766558,0.327690015557503,0.263281634681962,0.157280110496738,-0.0599525116919364,-0.186259584220011,-0.316785680045216,-0.288451089530202,-0.403267932905791,-0.191262655435797,-0.139698247555726,-0.0761494246366474,0.0583161318638519,0.127853490165932,0.035954733794275,-0.0449838168409737,-0.0716012667961854,0.222549633087852,0.264053855685186
"61",0.168220017834945,0.217481431904613,0.185835718829905,0.110109946434425,-0.0727357140148412,-0.185563428525013,-0.306826686065509,-0.288100473203255,-0.380013459666448,-0.170760232705083,-0.124174880941816,-0.0627194418443987,0.0623958216304417,0.136015394245395,0.0524528940338295,-0.0242663215262651,-0.0616418536021094,0.192226716171932,0.551960757323351
"62",0.0382737136902788,0.111238434909018,0.115194545165186,0.0756920165061196,-0.0572972431528064,-0.14812088665457,-0.26872108646534,-0.262025343523251,-0.331244300119871,-0.128127512373957,-0.0905865204672486,-0.0279826332816171,0.0852170038482928,0.154353000519769,0.07926381180227,0.0156307216733389,-0.0168207933411849,0.137511959794655,0.53350631910278
"63",-0.09646175386364,-0.0013907571286113,0.0394006450771995,0.0376650607406682,-0.0407849888904276,-0.100314390945297,-0.204905671192293,-0.212197162494017,-0.263505928535073,-0.0731236769731648,-0.0467290725868087,0.01430447309744,0.117051685730609,0.181269329584355,0.10611872677583,0.0591711437505167,0.0402498630799053,0.0766530422656956,0.3951278856808
"64",-0.215639789935817,-0.101448943291229,-0.0291468875886749,0.00743603932987381,-0.0199907813541453,-0.0469377656407104,-0.134037543078801,-0.150652440762595,-0.188875871748977,-0.0191251487100514,-0.00604823408103871,0.0521480602106275,0.142971864178217,0.205233444540519,0.128812804630624,0.0903262695312334,0.0883517970045541,0.0333657572550677,0.198691103048549
"65",-0.317019220326159,-0.188554885707884,-0.090201917208119,-0.0210635038349921,-8.40705110723807e-05,0.000764523814903283,-0.0681728684869292,-0.0888141747273957,-0.114070779954813,0.0310431860077948,0.0267404830047775,0.0784874190030935,0.157507310328749,0.215016163273415,0.141814800494482,0.110420089740545,0.116431060204861,0.0164623114057618,0.0339600884945267
"66",-0.402821686617053,-0.264313927735816,-0.145675456381958,-0.0512057396761295,0.00900677909383705,0.0331092825697654,-0.0145078666715198,-0.0395679891428469,-0.053198593166414,0.0660810017430863,0.048961757332756,0.0927399013601502,0.159495942670049,0.212824562270752,0.143455204473712,0.121011952989807,0.132982165314564,0.036327691587716,-0.0385412556329395
"67",-0.462310925619691,-0.31560600461362,-0.180697670735288,-0.0657169680882279,0.0238056558544755,0.063493228252365,0.0265869367280751,-0.0080742567080408,-0.011772732478663,0.0815165004565623,0.056809627765164,0.0941891463799141,0.148388742915361,0.195357652304049,0.131536183963524,0.115268843211046,0.135321764458348,0.0535754834133127,-0.033514196955508
"68",-0.500237308710157,-0.344047229192543,-0.194468838980854,-0.0624380918917681,0.0501021927809451,0.0981114246168493,0.0698349980999796,0.0226834876238824,0.0260833557657648,0.0957399933672612,0.0626859099361458,0.085852788081125,0.126798260383609,0.165737794107542,0.108577538590263,0.0959763434037414,0.121198932290978,0.0454617927792553,-0.0284340041656997
"69",-0.524550254031888,-0.355595076817468,-0.187304193828909,-0.0401470127944476,0.0938210853820095,0.144972145398921,0.115901732565957,0.0506763318589512,0.0603156056293462,0.110316987502262,0.0705124714908984,0.0742446495969651,0.0954536990497754,0.126708949833109,0.0775329238965803,0.0631673157755068,0.0920465007365549,0.0192684058493757,-0.0494723197480594
"70",-0.547522315855876,-0.364248596231089,-0.174215822461475,-0.00662502314243614,0.150168756586808,0.204987820571842,0.168921115519337,0.0804028191776304,0.0953399096053373,0.124949575337095,0.0809335820608477,0.0667625665014049,0.0622043258450799,0.0794228475298877,0.0422774028301085,0.0233407979753713,0.0502112013328812,-0.0210686630868723,-0.0876517434308221
"71",-0.58830818389144,-0.389596756770288,-0.176708881696292,0.0152228850720061,0.204371193230244,0.269091380220695,0.23501363916416,0.119307738826447,0.144067574800453,0.148416584962432,0.0950698820654064,0.0683121457238373,0.0386525492724444,0.0362018498614997,0.00920849556727416,-0.0148180460422033,0.00757919230185561,-0.0670130688666431,-0.132580138753095
"72",-0.650368102802156,-0.435040206973394,-0.195083944289261,0.0224664504468508,0.248301200560571,0.338868224946482,0.310043574698931,0.166810336275151,0.210279568745591,0.184255473122783,0.111696747015688,0.0745133075652524,0.0250675677293917,0.00280248924734779,-0.0183692428115523,-0.0515005658331108,-0.0335114855378405,-0.112718493202461,-0.181643553626475
"73",-0.779308398221203,-0.507638316815105,-0.238145321246294,0.0118638896325867,0.276718166529617,0.403066001432857,0.394284117649282,0.222679343735793,0.302510621304144,0.239274785546948,0.138817242153928,0.0921382278585818,0.0235252619594569,-0.0157553233249563,-0.0329757407446657,-0.0761491892095495,-0.0670127117870242,-0.148473330937943,-0.222489722806439
"74",-0.94336192099802,-0.644794951861985,-0.302711869229177,-0.0158530805004488,0.29630050226159,0.461505695348467,0.479792154225292,0.284021269003985,0.417998606303123,0.312112885572979,0.178697453824077,0.12264604376968,0.0328273694242161,-0.0240906524287743,-0.0366162244420387,-0.0861009049295939,-0.0871958335341323,-0.17360348043931,-0.25134693910019
"75",-1.13321063852812,-0.805168190641723,-0.418584862477673,-0.0514774602814172,0.312590057593937,0.520641673902063,0.562677042176029,0.349274262913753,0.54474834053869,0.395545171056633,0.232871736999208,0.163910633299777,0.0498733440979565,-0.0268487498721399,-0.0360540950873893,-0.0866967083666858,-0.09403144470554,-0.185164186065729,-0.270746059644995
"76",-1.34744054325316,-0.990420381802381,-0.554460803779918,-0.137527170095453,0.320790011501716,0.570717535185897,0.645649449080957,0.420882245651422,0.67149133614758,0.482077371173318,0.308836093177808,0.220385441965559,0.0758872581019236,-0.0216218339573934,-0.026645416822733,-0.0768960675705559,-0.0849583567247267,-0.177961770848146,-0.270868330381449
"77",-1.54908071085726,-1.18125612324916,-0.697987804914809,-0.22781294927476,0.294232909648583,0.618447495382076,0.72143951092,0.492979389363537,0.781269417866473,0.560214789196401,0.401235290171955,0.288853367834223,0.105418564955613,-0.0162067287105845,-0.0130896980356341,-0.0627854096390483,-0.0698074560276038,-0.161327340501347,-0.256946208426615
"78",-1.72658175141326,-1.35254142825927,-0.843655017057189,-0.325535985912165,0.264182828416392,0.621944262921032,0.789377120453961,0.562054018815785,0.865817657607566,0.622395807244337,0.508315241727202,0.368546658525417,0.141622635279543,-0.00921820233991922,0.00523644671351668,-0.0448037681608495,-0.0502256601812458,-0.140675615711427,-0.233993623059163
"79",-1.81841324614455,-1.49562622145029,-0.968424397398802,-0.426954390380971,0.224967245612148,0.617707680506788,0.813040905411042,0.627682416220823,0.932621817277519,0.666977960501886,0.610150339512079,0.449232730581718,0.176913694117244,-0.00499890643126284,0.0200593172863804,-0.0322680606465289,-0.0370635915563162,-0.128225623670927,-0.218218198475832
"80",-1.7854330638294,-1.54445401665143,-1.0586561227615,-0.502256210128169,0.185095990791345,0.610128536497798,0.833288558685962,0.65246426188434,0.995929403660395,0.705899291473298,0.677234730090373,0.503153576278321,0.194266295867513,-0.0200954377093662,0.0144798229902131,-0.0437097922096971,-0.0513011717014433,-0.145258391595428,-0.232464651781578
"81",-1.65477923968589,-1.47886662505414,-1.06684451259141,-0.555253967049753,0.158930094455332,0.595129191912106,0.857265811324813,0.690837136442024,1.03590759110255,0.762943755363461,0.701556020744138,0.513246194910018,0.178776697997884,-0.0636728485766237,-0.0248810748040487,-0.0900968026257089,-0.103361408011239,-0.202631333944243,-0.289921823775238
"82",-1.5275744696341,-1.30637286569801,-0.952969905424924,-0.516780827525387,0.163907810082482,0.610078473055354,0.8962192223962,0.752967437783816,1.11386739885994,0.808750981496941,0.679247917430303,0.47448914509067,0.114305542799957,-0.149975907121307,-0.112548703664065,-0.184526086721921,-0.204458984504018,-0.311304761548556,-0.402146146878521
"83",-1.28966341982668,-1.1568323894478,-0.750668181841948,-0.374609362703659,0.24162728374403,0.645802466711081,0.959088857148382,0.827553824404243,1.21540089222781,0.87340277372949,0.569729389970127,0.397642303920048,0.0103456275102835,-0.280256928361739,-0.244244293159746,-0.324829451218348,-0.351308274665244,-0.464772184397874,-0.561505295518786
"84",-1.02802949566293,-0.925080717443723,-0.601360325044072,-0.173569260965852,0.394189399729044,0.731425261057796,1.02150182550448,0.90641143102829,1.30724172097274,0.930118936097486,0.443426500367155,0.25680738730317,-0.105400829893695,-0.426151667540711,-0.392637995620068,-0.482801730471888,-0.517320852088693,-0.636794526108805,-0.739127969030743
"85",-0.715679878099146,-0.704118423283273,-0.407175177997601,-0.0608003658773519,0.56762021893176,0.855605682502463,1.09312809915812,0.942113635676171,1.34692054009002,0.926114855331702,0.337506655185274,0.127805952060581,-0.257754380967756,-0.553338425619536,-0.519814665365589,-0.620565344539835,-0.662580305686827,-0.788576264906456,-0.895039051891424
"86",-0.440609902782943,-0.480849988396239,-0.271844070782482,0.0479708265774984,0.603701001026644,0.947580787542299,1.14677147609921,0.932655265893268,1.2735760719618,0.816160926638244,0.297506176736223,0.0617975677227331,-0.357719861641906,-0.670024947418837,-0.574283789355513,-0.684235217697447,-0.73351324060762,-0.864912205740732,-0.974523618158593
"87",-0.219397087568524,-0.305351017622304,-0.146301369158614,0.0868916955982379,0.62001567966255,0.887212128404009,1.14082056103321,0.879237544605897,1.11796247436004,0.58239054950064,0.335120384844055,0.0664368205472592,-0.388633668949229,-0.720577465757677,-0.595527247875103,-0.663354811328542,-0.719339714625191,-0.854382550225408,-0.965031207690343
"88",NA,-0.172698267767801,-0.0597747834134557,0.12423769916378,0.574691314133706,0.811725884883905,0.98816437732695,0.774319381367881,0.920906822646306,0.299196604159809,0.418253039694231,0.120290574679571,-0.372656117877061,-0.718933892357614,-0.566590705449972,-0.628593390895542,-0.644626180173731,-0.783238007188737,-0.891593005961802
"89",NA,NA,0.0542103598821784,0.192439340335363,0.594844770608003,0.745544189318456,0.889616015044369,0.602405638250046,0.747797418535022,0.0721366550023342,0.53477229905375,0.1676778248151,-0.356190526026433,-0.715711086699291,-0.543858140140263,-0.597913194698378,-0.611520471330176,-0.710564265090742,-0.818253333583377
"90",NA,NA,NA,0.390942336105997,0.746753553991836,0.851012903831229,0.924178196234328,0.622636679247426,0.659673520419294,0.021259527991801,0.623055792100382,0.178884582467628,-0.408234937480593,-0.778200940489179,-0.60442448308865,-0.651624398727615,-0.660495248169087,-0.756565514574506,-0.824797627189129
